,secShortName,tradeDate,preClosePrice,actPreClosePrice,openPrice,highestPrice,lowestPrice,closePrice,turnoverVol,turnoverValue
0,中国光大银行,2013-12-20,,,3.95,3.98,3.78,3.87,240542000,931904280.0
1,中国光大银行,2013-12-23,3.871,3.87,3.9,3.92,3.78,3.85,33675000,129366230.0
2,中国光大银行,2013-12-24,3.853,3.85,3.85,3.85,3.79,3.8,12791000,48687610.0
3,中国光大银行,2013-12-27,3.801,3.8,3.8,3.82,3.73,3.78,24848000,93408530.0
4,中国光大银行,2013-12-30,3.781,3.78,3.77,3.78,3.71,3.77,15775000,59105360.0
5,中国光大银行,2013-12-31,3.765,3.77,3.78,3.86,3.74,3.85,15374000,58422690.0
6,中国光大银行,2014-01-02,3.852,3.85,3.89,3.89,3.8,3.82,2710000,10343070.0
7,中国光大银行,2014-01-03,3.821,3.82,3.85,3.85,3.78,3.8,3306000,12541230.0
8,中国光大银行,2014-01-06,3.803,3.8,3.8,3.8,3.72,3.75,7626000,28631850.0
9,中国光大银行,2014-01-07,3.749,3.75,3.78,3.8,3.72,3.77,23747000,89221480.0
10,中国光大银行,2014-01-08,3.765,3.77,3.8,3.85,3.72,3.85,25682000,97412230.0
11,中国光大银行,2014-01-09,3.848,3.85,3.83,3.9,3.8,3.88,41898000,161791080.0
12,中国光大银行,2014-01-10,3.876,3.88,3.88,3.96,3.83,3.95,83664000,325676350.0
13,中国光大银行,2014-01-13,3.957,3.95,3.95,3.96,3.83,3.83,1950000,7546510.0
14,中国光大银行,2014-01-14,3.834,3.83,3.8,3.82,3.75,3.76,5631000,21206660.0
15,中国光大银行,2014-01-15,3.762,3.76,3.75,3.79,3.72,3.73,3555000,13313960.0
16,中国光大银行,2014-01-16,3.733,3.73,3.71,3.74,3.68,3.68,6669000,24649720.0
17,中国光大银行,2014-01-17,3.685,3.68,3.6,3.66,3.59,3.6,7771000,28016310.0
18,中国光大银行,2014-01-20,3.61,3.6,3.58,3.58,3.45,3.45,13894000,48459540.0
19,中国光大银行,2014-01-21,3.455,3.45,3.44,3.48,3.37,3.38,13250000,45141580.0
20,中国光大银行,2014-01-22,3.384,3.38,3.36,3.36,3.21,3.32,26325000,85856520.0
21,中国光大银行,2014-01-23,3.326,3.32,3.32,3.35,3.2,3.24,8971000,29168400.0
22,中国光大银行,2014-01-24,3.241,3.24,3.2,3.27,3.2,3.23,4603000,14887340.0
23,中国光大银行,2014-01-27,3.238,3.23,3.18,3.2,3.06,3.12,11000000,34100860.0
24,中国光大银行,2014-01-28,3.121,3.12,3.16,3.16,3.1,3.11,2751000,8620040.0
25,中国光大银行,2014-01-29,3.108,3.11,3.11,3.17,3.11,3.14,5011000,15728000.0
26,中国光大银行,2014-01-30,3.144,3.14,3.04,3.12,3.04,3.09,5652000,17438330.0
27,中国光大银行,2014-02-04,3.097,3.09,2.96,3.04,2.96,3.0,7110000,21354290.0
28,中国光大银行,2014-02-05,3.0,3.0,3.0,3.05,2.97,3.0,8791300,26280875.0
29,中国光大银行,2014-02-06,3.001,3.0,2.95,3.01,2.95,2.99,3877000,11580935.0
30,中国光大银行,2014-02-07,2.988,2.99,3.0,3.04,2.99,3.02,4031000,12142985.0
31,中国光大银行,2014-02-10,3.021,3.02,3.02,3.04,2.99,3.01,3780000,11353280.0
32,中国光大银行,2014-02-11,3.003,3.01,3.02,3.12,3.02,3.1,4608000,14175850.0
33,中国光大银行,2014-02-12,3.094,3.1,3.1,3.19,3.08,3.18,7070000,22218640.0
34,中国光大银行,2014-02-13,3.185,3.18,3.16,3.16,3.1,3.11,4385000,13721575.0
35,中国光大银行,2014-02-14,3.109,3.11,3.11,3.15,3.08,3.12,4509000,14029215.0
36,中国光大银行,2014-02-17,3.12,3.12,3.15,3.16,3.08,3.12,5847000,18238470.0
37,中国光大银行,2014-02-18,3.119,3.12,3.11,3.15,3.06,3.13,5673000,17568100.0
38,中国光大银行,2014-02-19,3.126,3.13,3.1,3.19,3.1,3.18,11907000,37501140.0
39,中国光大银行,2014-02-20,3.184,3.18,3.16,3.18,3.1,3.12,7761000,24217500.0
40,中国光大银行,2014-02-21,3.122,3.12,3.12,3.15,3.09,3.1,3729000,11609510.0
41,中国光大银行,2014-02-24,3.105,3.1,3.1,3.12,3.03,3.03,3873000,11829830.0
42,中国光大银行,2014-02-25,3.033,3.03,3.03,3.06,2.97,2.99,6762000,20331450.0
43,中国光大银行,2014-02-26,2.986,2.99,2.98,3.05,2.95,3.05,3215000,9676460.0
44,中国光大银行,2014-02-27,3.048,3.05,3.0,3.08,3.0,3.08,4644000,14086250.0
45,中国光大银行,2014-02-28,3.082,3.08,3.05,3.1,3.02,3.06,2231000,6829710.0
46,中国光大银行,2014-03-03,3.063,3.06,3.01,3.07,2.94,3.02,4758000,14348490.0
47,中国光大银行,2014-03-04,3.02,3.02,3.0,3.05,3.0,3.02,4056000,12239450.0
48,中国光大银行,2014-03-05,3.022,3.02,3.01,3.02,2.96,2.99,5711000,17062900.0
49,中国光大银行,2014-03-06,2.992,2.99,2.97,2.99,2.92,2.96,8470000,24956510.0
50,中国光大银行,2014-03-07,2.963,2.96,2.95,2.96,2.91,2.92,9361000,27392700.0
51,中国光大银行,2014-03-10,2.925,2.92,2.9,2.92,2.86,2.86,11934000,34351600.0
52,中国光大银行,2014-03-11,2.861,2.86,2.86,2.89,2.83,2.85,7532000,21414080.0
53,中国光大银行,2014-03-12,2.848,2.85,2.83,2.88,2.79,2.87,7554000,21285820.0
54,中国光大银行,2014-03-13,2.873,2.87,2.83,2.9,2.8,2.83,5555000,15752440.0
55,中国光大银行,2014-03-14,2.83,2.83,2.8,2.84,2.77,2.83,4993000,13988770.0
56,中国光大银行,2014-03-17,2.83,2.83,2.8,2.86,2.79,2.83,2619000,7366300.0
57,中国光大银行,2014-03-18,2.833,2.83,2.8,2.83,2.79,2.8,2533000,7091670.0
58,中国光大银行,2014-03-19,2.802,2.8,2.8,2.8,2.77,2.78,3033000,8430560.0
59,中国光大银行,2014-03-20,2.787,2.78,2.76,2.79,2.69,2.7,10161000,27726280.0
60,中国光大银行,2014-03-21,2.694,2.7,2.72,2.82,2.68,2.77,8688000,23839580.0
61,中国光大银行,2014-03-24,2.764,2.77,2.76,2.85,2.69,2.84,16571000,46087190.0
62,中国光大银行,2014-03-25,2.836,2.84,2.8,2.89,2.78,2.89,9561000,27107950.0
63,中国光大银行,2014-03-26,2.886,2.89,2.9,2.95,2.81,2.94,7565000,21766090.0
64,中国光大银行,2014-03-27,2.94,2.94,2.95,2.95,2.86,2.94,3934000,11439190.0
65,中国光大银行,2014-03-28,2.935,2.94,2.94,3.02,2.92,3.01,6247000,18546790.0
66,中国光大银行,2014-03-31,3.003,3.01,3.02,3.12,2.95,3.11,11593000,35360451.5
67,中国光大银行,2014-04-01,3.115,3.11,3.06,3.08,3.01,3.04,7345000,22323650.0
68,中国光大银行,2014-04-02,3.04,3.04,3.0,3.05,2.98,3.04,7629000,22947940.0
69,中国光大银行,2014-04-03,3.038,3.04,3.03,3.08,3.01,3.06,4990000,15176510.0
70,中国光大银行,2014-04-04,3.061,3.06,3.02,3.07,3.01,3.04,2713000,8230170.0
71,中国光大银行,2014-04-07,3.038,3.04,3.02,3.09,3.01,3.07,3126000,9543525.0
72,中国光大银行,2014-04-08,3.068,3.07,3.07,3.13,3.02,3.1,12398000,38414650.0
73,中国光大银行,2014-04-09,3.104,3.1,3.1,3.14,3.04,3.05,15742000,48382200.0
74,中国光大银行,2014-04-10,3.045,3.05,3.05,3.12,3.03,3.11,11604000,35616515.0
75,中国光大银行,2014-04-11,3.109,3.11,3.13,3.13,3.07,3.12,4400000,13653900.0
76,中国光大银行,2014-04-14,3.12,3.12,3.12,3.15,3.1,3.12,6312000,19692030.0
77,中国光大银行,2014-04-15,3.124,3.12,3.11,3.11,3.05,3.07,9155160,28096613.2
78,中国光大银行,2014-04-16,3.068,3.07,3.02,3.17,3.0,3.1,12471000,38554980.0
79,中国光大银行,2014-04-17,3.1,3.1,3.1,3.13,3.07,3.1,6217000,19219465.0
80,中国光大银行,2014-04-22,3.108,3.1,3.04,3.04,2.96,2.99,25013000,74705650.0
81,中国光大银行,2014-04-23,2.989,2.99,2.98,3.04,2.96,3.0,7351000,21977605.0
82,中国光大银行,2014-04-24,2.996,3.0,2.99,3.07,2.99,3.06,6928000,20987340.0
83,中国光大银行,2014-04-25,3.063,3.06,3.03,3.04,3.0,3.02,4669000,14094530.0
84,中国光大银行,2014-04-28,3.02,3.02,3.02,3.04,2.97,3.02,5146000,15437750.0
85,中国光大银行,2014-04-29,3.019,3.02,2.99,3.04,2.97,3.03,6099000,18310560.0
86,中国光大银行,2014-04-30,3.026,3.03,3.02,3.14,2.99,3.08,12343000,37677220.0
87,中国光大银行,2014-05-02,3.076,3.08,3.05,3.13,3.02,3.13,12769000,39227435.0
88,中国光大银行,2014-05-05,3.129,3.13,3.13,3.16,3.09,3.14,9555000,29867580.0
89,中国光大银行,2014-05-07,3.139,3.14,3.1,3.15,3.08,3.15,9153000,28691800.0
90,中国光大银行,2014-05-08,3.149,3.15,3.14,3.16,3.11,3.16,5879000,18420250.0
91,中国光大银行,2014-05-09,3.157,3.16,3.12,3.2,3.11,3.2,9858000,31208800.0
92,中国光大银行,2014-05-12,3.2,3.2,3.18,3.26,3.18,3.2,7680000,24761760.0
93,中国光大银行,2014-05-13,3.198,3.2,3.19,3.24,3.16,3.23,5708300,18217851.0
94,中国光大银行,2014-05-14,3.231,3.23,3.2,3.24,3.17,3.22,5686000,18215400.0
95,中国光大银行,2014-05-15,3.217,3.22,3.32,3.39,3.25,3.27,34666000,114473094.0
96,中国光大银行,2014-05-16,3.266,3.27,3.26,3.33,3.26,3.33,14206000,46943785.0
97,中国光大银行,2014-05-19,3.333,3.33,3.32,3.32,3.26,3.29,8424000,27715730.0
98,中国光大银行,2014-05-20,3.287,3.29,3.3,3.33,3.27,3.33,9883000,32685983.0
99,中国光大银行,2014-05-21,3.328,3.33,3.3,3.36,3.3,3.36,7674000,25656410.0
100,中国光大银行,2014-05-22,3.357,3.36,3.37,3.4,3.36,3.4,12133000,41120430.0
101,中国光大银行,2014-05-23,3.4,3.4,3.4,3.41,3.36,3.4,6707610,22752667.9
102,中国光大银行,2014-05-26,3.401,3.4,3.37,3.42,3.34,3.39,5421000,18294630.0
103,中国光大银行,2014-05-27,3.393,3.39,3.36,3.37,3.32,3.35,7347000,24476450.0
104,中国光大银行,2014-05-28,3.347,3.35,3.34,3.4,3.32,3.39,13461000,45293500.0
105,中国光大银行,2014-05-29,3.393,3.39,3.41,3.41,3.32,3.35,9884000,33008270.0
106,中国光大银行,2014-05-30,3.345,3.35,3.36,3.5,3.29,3.43,136409872,467799372.58
107,中国光大银行,2014-06-03,3.425,3.43,3.41,3.52,3.4,3.51,41964346,144325723.32
108,中国光大银行,2014-06-04,3.511,3.51,3.5,3.51,3.44,3.49,5192346,18047460.62
109,中国光大银行,2014-06-05,3.487,3.49,3.46,3.55,3.46,3.54,9117000,32040580.0
110,中国光大银行,2014-06-06,3.543,3.54,3.55,3.56,3.48,3.49,4380000,15385665.0
111,中国光大银行,2014-06-09,3.49,3.49,3.49,3.51,3.46,3.49,5556196,19327327.28
112,中国光大银行,2014-06-10,3.485,3.49,3.52,3.59,3.48,3.57,8698831,30721240.57
113,中国光大银行,2014-06-11,3.569,3.57,3.56,3.6,3.53,3.59,4438000,15778500.0
114,中国光大银行,2014-06-12,3.594,3.59,3.55,3.58,3.51,3.53,3392000,11973670.0
115,中国光大银行,2014-06-13,3.532,3.53,3.5,3.53,3.48,3.5,6451000,22552060.0
116,中国光大银行,2014-06-16,3.5,3.5,3.52,3.52,3.48,3.5,8990000,31418797.0
117,中国光大银行,2014-06-17,3.498,3.5,3.48,3.54,3.47,3.53,5940400,20785147.0
118,中国光大银行,2014-06-18,3.533,3.53,3.51,3.51,3.47,3.49,3049554,10642180.76
119,中国光大银行,2014-06-19,3.491,3.49,3.47,3.5,3.46,3.47,2017200,7011382.0
120,中国光大银行,2014-06-20,3.466,3.47,3.45,3.55,3.45,3.53,5720000,19963060.0
121,中国光大银行,2014-06-23,3.53,3.53,3.5,3.53,3.48,3.53,6005000,21091000.0
122,中国光大银行,2014-06-24,3.529,3.53,3.55,3.57,3.49,3.55,5493000,19364560.0
123,中国光大银行,2014-06-25,3.551,3.55,3.56,3.57,3.5,3.54,3113000,11010825.0
124,中国光大银行,2014-06-26,3.538,3.54,3.55,3.58,3.5,3.57,3296000,11686575.0
125,中国光大银行,2014-06-27,3.571,3.57,3.56,3.56,3.5,3.55,2556361,9002534.77
126,中国光大银行,2014-06-30,3.549,3.55,3.54,3.58,3.51,3.57,5608000,19884650.0
127,中国光大银行,2014-07-02,3.569,3.57,3.59,3.59,3.54,3.58,6807000,24310944.0
128,中国光大银行,2014-07-03,3.577,3.58,3.57,3.63,3.57,3.63,8832916,31940884.28
129,中国光大银行,2014-07-04,3.629,3.63,3.62,3.64,3.58,3.64,6009916,21812354.08
130,中国光大银行,2014-07-07,3.636,3.64,3.65,3.71,3.63,3.71,14199000,52151375.0
131,中国光大银行,2014-07-08,3.495,3.71,3.51,3.51,3.4,3.47,8932077,30851005.67
132,中国光大银行,2014-07-09,3.47,3.47,3.47,3.49,3.38,3.4,8579000,29206160.0
133,中国光大银行,2014-07-10,3.4,3.4,3.39,3.42,3.37,3.42,5192000,17663550.0
134,中国光大银行,2014-07-11,3.42,3.42,3.4,3.44,3.39,3.41,2429700,8292445.0
135,中国光大银行,2014-07-14,3.41,3.41,3.41,3.43,3.39,3.39,1592000,5423390.0
136,中国光大银行,2014-07-15,3.39,3.39,3.41,3.43,3.37,3.4,2377000,8077250.0
137,中国光大银行,2014-07-16,3.4,3.4,3.41,3.43,3.37,3.4,3364053,11400740.79
138,中国光大银行,2014-07-17,3.4,3.4,3.42,3.43,3.38,3.41,4484000,15243040.0
139,中国光大银行,2014-07-18,3.41,3.41,3.4,3.43,3.38,3.42,2936000,10008570.0
140,中国光大银行,2014-07-21,3.42,3.42,3.43,3.44,3.41,3.43,2033000,6980400.0
141,中国光大银行,2014-07-22,3.43,3.43,3.42,3.47,3.41,3.46,3777958,13027103.84
142,中国光大银行,2014-07-23,3.46,3.46,3.48,3.49,3.45,3.48,2310000,8022030.0
143,中国光大银行,2014-07-24,3.48,3.48,3.49,3.56,3.47,3.56,6320000,22228095.0
144,中国光大银行,2014-07-25,3.56,3.56,3.54,3.6,3.53,3.59,6118778,21846611.4
145,中国光大银行,2014-07-28,3.59,3.59,3.55,3.64,3.55,3.64,6405000,23126685.0
146,中国光大银行,2014-07-29,3.64,3.64,3.64,3.67,3.63,3.67,7122000,25899158.0
147,中国光大银行,2014-07-30,3.67,3.67,3.67,3.68,3.59,3.64,3725000,13523580.0
148,中国光大银行,2014-07-31,3.64,3.64,3.6,3.64,3.58,3.6,2443764,8779033.6
149,中国光大银行,2014-08-01,3.6,3.6,3.57,3.64,3.5,3.62,4781902,17257498.28
150,中国光大银行,2014-08-04,3.62,3.62,3.68,3.78,3.68,3.73,17508000,65278790.0
151,中国光大银行,2014-08-05,3.73,3.73,3.75,3.83,3.74,3.8,11957169,45126055.44
152,中国光大银行,2014-08-06,3.8,3.8,3.78,3.8,3.69,3.79,6095248,22876706.89
153,中国光大银行,2014-08-07,3.79,3.79,3.79,3.8,3.7,3.73,5684958,21236683.82
154,中国光大银行,2014-08-08,3.73,3.73,3.7,3.74,3.68,3.73,4902000,18183930.0
155,中国光大银行,2014-08-11,3.73,3.73,3.73,3.73,3.69,3.72,3941000,14608160.0
156,中国光大银行,2014-08-12,3.72,3.72,3.72,3.72,3.67,3.7,2020958,7468013.76
157,中国光大银行,2014-08-13,3.7,3.7,3.72,3.73,3.69,3.72,5162000,19155455.0
158,中国光大银行,2014-08-14,3.72,3.72,3.67,3.75,3.67,3.73,4684000,17340415.0
159,中国光大银行,2014-08-15,3.73,3.73,3.73,3.73,3.68,3.71,1557000,5774730.0
160,中国光大银行,2014-08-18,3.71,3.71,3.7,3.72,3.67,3.72,2307000,8540570.0
161,中国光大银行,2014-08-19,3.72,3.72,3.7,3.72,3.68,3.7,2515000,9309510.0
162,中国光大银行,2014-08-20,3.7,3.7,3.7,3.7,3.67,3.69,2433000,8962405.0
163,中国光大银行,2014-08-21,3.69,3.69,3.72,3.72,3.65,3.68,3309289,12150706.41
164,中国光大银行,2014-08-22,3.68,3.68,3.69,3.69,3.63,3.68,2354000,8640170.0
165,中国光大银行,2014-08-25,3.68,3.68,3.64,3.68,3.63,3.65,1719000,6265970.0
166,中国光大银行,2014-08-26,3.65,3.65,3.65,3.68,3.61,3.66,4068000,14813030.0
167,中国光大银行,2014-08-27,3.66,3.66,3.67,3.68,3.65,3.67,6324000,23180335.0
168,中国光大银行,2014-08-28,3.67,3.67,3.67,3.67,3.64,3.67,8262000,30279855.0
169,中国光大银行,2014-08-29,3.67,3.67,3.67,3.67,3.6,3.62,7329000,26589125.0
170,中国光大银行,2014-09-01,3.62,3.62,3.67,3.68,3.59,3.67,6114000,22253075.0
171,中国光大银行,2014-09-02,3.67,3.67,3.68,3.72,3.65,3.71,8693000,32046075.0
172,中国光大银行,2014-09-03,3.71,3.71,3.7,3.76,3.69,3.76,9015000,33601285.0
173,中国光大银行,2014-09-04,3.76,3.76,3.76,3.94,3.74,3.88,33027000,126959400.0
174,中国光大银行,2014-09-05,3.88,3.88,3.84,3.88,3.81,3.85,9273000,35568100.0
175,中国光大银行,2014-09-08,3.85,3.85,3.85,3.87,3.83,3.86,7237000,27880320.0
176,中国光大银行,2014-09-10,3.86,3.86,3.8,3.84,3.8,3.83,4749000,18168520.0
177,中国光大银行,2014-09-11,3.83,3.83,3.83,3.85,3.8,3.85,10493000,40259520.0
178,中国光大银行,2014-09-12,3.85,3.85,3.84,3.85,3.75,3.84,6548000,25025155.0
179,中国光大银行,2014-09-15,3.84,3.84,3.82,3.83,3.8,3.81,3855179,14711787.36
180,中国光大银行,2014-09-16,3.81,3.81,3.66,3.84,3.66,3.81,5301000,20148290.0
181,中国光大银行,2014-09-17,3.81,3.81,3.83,3.84,3.68,3.83,12720000,47823875.0
182,中国光大银行,2014-09-18,3.83,3.83,3.8,3.81,3.75,3.75,8321588,31429421.0
183,中国光大银行,2014-09-19,3.75,3.75,3.74,3.83,3.67,3.73,98771800,369611135.4
184,中国光大银行,2014-09-22,3.73,3.73,3.69,3.7,3.5,3.6,16346500,59026870.0
185,中国光大银行,2014-09-23,3.6,3.6,3.56,3.63,3.56,3.58,7169603,25849701.83
186,中国光大银行,2014-09-24,3.58,3.58,3.61,3.62,3.58,3.61,6089897,21955255.38
187,中国光大银行,2014-09-25,3.61,3.61,3.73,3.75,3.6,3.62,9226400,33967761.0
188,中国光大银行,2014-09-26,3.62,3.62,3.52,3.65,3.52,3.63,11618000,42044120.0
189,中国光大银行,2014-09-29,3.63,3.63,3.65,3.66,3.57,3.65,8055000,29215620.0
190,中国光大银行,2014-09-30,3.65,3.65,3.67,3.67,3.57,3.63,9564077,34752652.58
191,中国光大银行,2014-10-03,3.63,3.63,3.6,3.62,3.47,3.62,6416937,22825020.72
192,中国光大银行,2014-10-06,3.62,3.62,3.6,3.63,3.55,3.61,4828000,17400020.0
193,中国光大银行,2014-10-07,3.61,3.61,3.62,3.67,3.57,3.63,6000841,21694406.01
194,中国光大银行,2014-10-08,3.63,3.63,3.65,3.65,3.55,3.63,2822112,10211539.08
195,中国光大银行,2014-10-09,3.63,3.63,3.66,3.7,3.63,3.67,5461900,19999682.0
196,中国光大银行,2014-10-10,3.67,3.67,3.63,3.63,3.6,3.63,1924000,6968690.0
197,中国光大银行,2014-10-13,3.63,3.63,3.6,3.67,3.58,3.6,635702,2292982.22
198,中国光大银行,2014-10-14,3.6,3.6,3.62,3.7,3.59,3.67,4514112,16504639.24
199,中国光大银行,2014-10-15,3.67,3.67,3.67,3.81,3.66,3.8,8779800,32860527.0
200,中国光大银行,2014-10-16,3.8,3.8,3.7,3.77,3.67,3.69,3704900,13724543.0
201,中国光大银行,2014-10-17,3.69,3.69,3.68,3.71,3.58,3.68,28946600,106406588.0
202,中国光大银行,2014-10-20,3.68,3.68,3.73,3.75,3.66,3.72,10014677,37042806.36
203,中国光大银行,2014-10-21,3.72,3.72,3.72,3.78,3.7,3.77,9902552,37208280.0
204,中国光大银行,2014-10-22,3.77,3.77,3.79,3.79,3.74,3.75,3661800,13775234.0
205,中国光大银行,2014-10-23,3.75,3.75,3.73,3.77,3.69,3.7,1338000,4987970.0
206,中国光大银行,2014-10-24,3.7,3.7,3.69,3.73,3.65,3.71,1359248,5032805.24
207,中国光大银行,2014-10-27,3.71,3.71,3.76,3.76,3.68,3.74,3216908,11960606.48
208,中国光大银行,2014-10-28,3.74,3.74,3.74,3.75,3.7,3.74,4868000,18165205.0
209,中国光大银行,2014-10-29,3.74,3.74,3.76,3.78,3.74,3.76,5802000,21790375.0
210,中国光大银行,2014-10-30,3.76,3.76,3.75,3.77,3.66,3.76,3166000,11863510.0
211,中国光大银行,2014-10-31,3.76,3.76,3.76,3.82,3.75,3.8,12883000,48881965.0
212,中国光大银行,2014-11-03,3.8,3.8,3.8,3.83,3.78,3.8,4975000,18908270.0
213,中国光大银行,2014-11-04,3.8,3.8,3.78,3.8,3.73,3.76,7251290,27332050.4
214,中国光大银行,2014-11-05,3.76,3.76,3.73,3.77,3.7,3.76,7398304,27736311.76
215,中国光大银行,2014-11-06,3.76,3.76,3.74,3.76,3.68,3.75,3983000,14825340.0
216,中国光大银行,2014-11-07,3.75,3.75,3.7,3.75,3.67,3.75,3795320,14120057.6
217,中国光大银行,2014-11-10,3.75,3.75,3.73,3.8,3.72,3.79,11371000,42972530.0
218,中国光大银行,2014-11-11,3.79,3.79,3.77,3.81,3.76,3.8,18811000,71443104.0
219,中国光大银行,2014-11-12,3.8,3.8,3.79,3.84,3.77,3.84,24558000,93450765.0
220,中国光大银行,2014-11-13,3.84,3.84,3.84,3.86,3.82,3.86,27341717,105093265.26
221,中国光大银行,2014-11-14,3.86,3.86,3.84,3.85,3.82,3.85,24520000,94288924.0
222,中国光大银行,2014-11-17,3.85,3.85,3.84,3.85,3.81,3.85,12564043,48186511.12
223,中国光大银行,2014-11-18,3.85,3.85,,3.85,3.79,3.82,14459252,55138870.12
224,中国光大银行,2014-11-19,3.83,3.82,,3.83,3.79,3.82,12344000,46999605.0
225,中国光大银行,2014-11-20,3.81,3.82,3.8,3.83,3.78,3.81,9725000,37008899.0
226,中国光大银行,2014-11-21,3.81,3.81,3.8,3.85,3.78,3.79,25095555,95834246.55
227,中国光大银行,2014-11-24,3.83,3.79,3.84,3.85,3.79,3.85,12212000,46757470.0
228,中国光大银行,2014-11-25,3.85,3.85,3.84,3.87,3.49,3.66,43442267,166224077.14
229,中国光大银行,2014-11-26,3.79,3.66,3.8,3.86,3.75,3.85,19324313,73181588.09
230,中国光大银行,2014-11-27,3.85,3.85,3.84,3.89,3.83,3.84,22484000,86623248.0
231,中国光大银行,2014-11-28,3.84,3.84,3.86,4.07,3.84,3.96,144565795,568912723.45
232,中国光大银行,2014-12-01,3.96,3.96,3.92,4.1,3.83,3.84,100060000,402589163.0
233,中国光大银行,2014-12-02,3.85,3.84,3.88,4.07,3.84,4.05,73806474,294834528.78
234,中国光大银行,2014-12-03,4.05,4.05,4.09,4.2,3.95,4.01,63124409,258250435.98
235,中国光大银行,2014-12-04,4.01,4.01,4.06,4.21,4.03,4.21,78389511,326904750.65
236,中国光大银行,2014-12-05,4.21,4.21,4.21,4.47,4.21,4.36,113574958,495541032.56
237,中国光大银行,2014-12-08,4.36,4.36,4.36,4.4,4.26,4.36,51016500,222547820.0
238,中国光大银行,2014-12-09,4.36,4.36,4.37,4.42,4.18,4.23,80430232,350952234.2
239,中国光大银行,2014-12-10,4.23,4.23,4.15,4.36,4.11,4.35,33467760,143731441.8
240,中国光大银行,2014-12-11,4.35,4.35,4.34,4.44,4.31,4.39,50440580,222445134.8
241,中国光大银行,2014-12-12,4.39,4.39,4.42,4.42,4.25,4.27,32085084,139767032.92
242,中国光大银行,2014-12-15,4.27,4.27,4.17,4.29,4.16,4.24,14898039,63220881.14
243,中国光大银行,2014-12-16,4.24,4.24,4.25,4.36,4.24,4.35,24972355,107902194.45
244,中国光大银行,2014-12-17,4.35,4.35,4.4,4.4,4.31,4.38,40242660,175752818.8
245,中国光大银行,2014-12-18,4.38,4.38,4.44,4.46,4.33,4.37,23160778,101448142.14
246,中国光大银行,2014-12-19,4.37,4.37,4.37,4.38,4.29,4.33,19504361,84684308.37
247,中国光大银行,2014-12-22,4.33,4.33,4.37,4.43,4.28,4.35,48507600,212622665.0
248,中国光大银行,2014-12-23,4.35,4.35,4.38,4.4,4.32,4.38,23758555,103638341.0
249,中国光大银行,2014-12-24,4.38,4.38,4.35,4.35,4.25,4.29,7599001,32706991.06
250,中国光大银行,2014-12-29,4.29,4.29,4.42,4.44,4.35,4.35,20594784,90434405.38
251,中国光大银行,2014-12-30,4.35,4.35,4.35,4.39,4.19,4.22,42550000,180963616.0
252,中国光大银行,2014-12-31,4.22,4.22,4.24,4.24,4.16,4.22,14422680,60521044.8
253,中国光大银行,2015-01-02,4.22,4.22,4.25,4.52,4.24,4.45,36555000,161878585.0
254,中国光大银行,2015-01-05,4.45,4.45,4.44,4.5,4.39,4.47,107363258,471972143.74
255,中国光大银行,2015-01-06,4.47,4.47,4.39,4.46,4.3,4.37,151133000,650325271.0
256,中国光大银行,2015-01-07,4.37,4.37,4.32,4.37,4.29,4.3,38987080,169416132.8
257,中国光大银行,2015-01-08,4.3,4.3,4.32,4.36,4.29,4.36,59986533,260174746.9
258,中国光大银行,2015-01-09,4.36,4.36,4.34,4.42,4.32,4.36,58104000,254612807.0
259,中国光大银行,2015-01-12,4.36,4.36,4.35,4.36,4.28,4.33,21544000,93236380.0
260,中国光大银行,2015-01-13,4.33,4.33,4.31,4.39,4.31,4.36,27872007,121660550.94
261,中国光大银行,2015-01-14,4.36,4.36,4.38,4.45,4.34,4.42,34609300,153021560.0
262,中国光大银行,2015-01-15,4.42,4.42,4.38,4.49,4.35,4.48,36887660,164160198.8
263,中国光大银行,2015-01-16,4.48,4.48,4.46,4.5,4.43,4.5,23210000,103715530.0
264,中国光大银行,2015-01-19,4.5,4.5,4.45,4.45,4.17,4.19,97244000,424371835.0
265,中国光大银行,2015-01-20,4.19,4.19,4.25,4.35,4.16,4.33,15927424,68421328.2
266,中国光大银行,2015-01-21,4.33,4.33,4.29,4.43,4.28,4.43,31761807,139554199.35
267,中国光大银行,2015-01-22,4.43,4.43,4.44,4.44,4.34,4.36,10187076,44634328.36
268,中国光大银行,2015-01-23,4.36,4.36,4.4,4.42,4.36,4.42,17543976,77229219.16
269,中国光大银行,2015-01-26,4.42,4.42,4.43,4.43,4.38,4.41,15856493,69899249.98
270,中国光大银行,2015-01-27,4.41,4.41,4.4,4.4,4.31,4.35,8725000,37889830.0
271,中国光大银行,2015-01-28,4.35,4.35,4.4,4.4,4.35,4.39,13488951,59171501.83
272,中国光大银行,2015-01-29,4.39,4.39,4.33,4.39,4.21,4.25,18245000,77713480.0
273,中国光大银行,2015-01-30,4.25,4.25,4.3,4.32,4.08,4.14,13129499,55108350.81
274,中国光大银行,2015-02-02,4.14,4.14,4.06,4.22,4.06,4.16,24467432,101446288.48
275,中国光大银行,2015-02-03,4.16,4.16,4.23,4.26,4.16,4.25,10272000,43394005.0
276,中国光大银行,2015-02-04,4.25,4.25,4.32,4.32,4.23,4.27,7420589,31788535.15
277,中国光大银行,2015-02-05,4.27,4.27,4.37,4.41,4.25,4.3,20938032,90481865.92
278,中国光大银行,2015-02-06,4.3,4.3,4.27,4.28,4.13,4.17,9493225,39524935.2
279,中国光大银行,2015-02-09,4.17,4.17,4.1,4.15,4.1,4.12,7059146,29149496.3
280,中国光大银行,2015-02-10,4.12,4.12,4.08,4.15,4.08,4.12,10911000,44891655.0
281,中国光大银行,2015-02-11,4.12,4.12,4.15,4.18,4.08,4.15,17855647,73619259.37
282,中国光大银行,2015-02-12,4.15,4.15,4.12,4.19,4.11,4.13,12726000,52770661.2
283,中国光大银行,2015-02-13,4.13,4.13,4.13,4.18,4.09,4.1,11933058,49196110.38
284,中国光大银行,2015-02-16,4.1,4.1,4.12,4.12,4.03,4.05,12142000,49182505.0
285,中国光大银行,2015-02-17,4.05,4.05,4.07,4.22,4.06,4.15,7813000,32455600.0
286,中国光大银行,2015-02-18,4.15,4.15,4.14,4.17,4.11,4.12,3541200,14612220.0
287,中国光大银行,2015-02-23,4.12,4.12,4.12,4.21,4.12,4.18,5874074,24457108.6
288,中国光大银行,2015-02-24,4.18,4.18,4.19,4.23,4.09,4.13,10308175,42822232.35
289,中国光大银行,2015-02-25,4.13,4.13,4.13,4.15,4.1,4.13,11875521,48912417.88
290,中国光大银行,2015-02-26,4.13,4.13,4.13,4.17,4.08,4.15,12266000,50689751.0
291,中国光大银行,2015-02-27,4.15,4.15,4.15,4.17,4.07,4.09,16937513,69896776.85
292,中国光大银行,2015-03-02,4.09,4.09,4.13,4.14,4.06,4.12,14123300,57840192.7
293,中国光大银行,2015-03-03,4.12,4.12,4.1,4.12,3.98,3.99,13229534,53490763.78
294,中国光大银行,2015-03-04,3.99,3.99,4.0,4.02,3.87,3.88,25038100,98109308.3
295,中国光大银行,2015-03-05,3.88,3.88,3.91,3.91,3.81,3.86,21521432,83129841.04
296,中国光大银行,2015-03-06,3.86,3.86,3.86,3.94,3.84,3.94,9153200,35517481.0
297,中国光大银行,2015-03-09,3.94,3.94,3.9,4.0,3.86,3.99,5638350,22278053.5
298,中国光大银行,2015-03-10,3.99,3.99,3.97,3.98,3.89,3.91,4727031,18645790.81
299,中国光大银行,2015-03-11,3.91,3.91,3.9,3.94,3.86,3.89,5524840,21500064.4
300,中国光大银行,2015-03-12,3.89,3.89,3.91,4.01,3.88,3.94,9931562,39506245.76
301,中国光大银行,2015-03-13,3.94,3.94,3.97,4.02,3.96,3.99,11798000,47100594.8
302,中国光大银行,2015-03-16,3.99,3.99,3.96,4.02,3.96,4.0,12130570,48565764.3
303,中国光大银行,2015-03-17,4.0,4.0,4.04,4.29,4.04,4.2,47583772,199329816.81
304,中国光大银行,2015-03-18,4.2,4.2,4.2,4.32,4.19,4.29,50475132,215079047.04
305,中国光大银行,2015-03-19,4.29,4.29,4.32,4.33,4.18,4.23,22537293,95512716.67
306,中国光大银行,2015-03-20,4.23,4.23,4.24,4.25,4.19,4.23,12044696,50760936.72
307,中国光大银行,2015-03-23,4.23,4.23,4.25,4.25,4.18,4.21,8318586,34990776.58
308,中国光大银行,2015-03-24,4.21,4.21,4.23,4.24,4.17,4.21,23203200,97625005.4
309,中国光大银行,2015-03-25,4.21,4.21,4.23,4.24,4.19,4.2,28912838,121751847.84
310,中国光大银行,2015-03-26,4.2,4.2,4.2,4.2,4.14,4.19,13775349,57703128.31
311,中国光大银行,2015-03-27,4.19,4.19,4.13,4.19,4.12,4.18,14903063,62064506.97
312,中国光大银行,2015-03-30,4.18,4.18,4.23,4.45,4.23,4.32,57442514,249844782.76
313,中国光大银行,2015-03-31,4.32,4.32,4.39,4.42,4.26,4.27,45988817,200678397.07
314,中国光大银行,2015-04-01,4.27,4.27,4.27,4.39,4.25,4.3,30859844,133510976.04
315,中国光大银行,2015-04-02,4.3,4.3,4.36,4.42,4.3,4.39,35446900,154237151.0
316,中国光大银行,2015-04-08,4.39,4.39,4.48,4.96,4.47,4.87,93084226,442410007.06
317,中国光大银行,2015-04-09,4.87,4.87,5.0,5.61,4.98,5.08,62709549,322609365.73
318,中国光大银行,2015-04-10,5.08,5.08,5.12,5.3,5.05,5.18,46148327,237523842.68
319,中国光大银行,2015-04-13,5.18,5.18,5.3,5.44,5.26,5.41,65840166,353733117.4
320,中国光大银行,2015-04-14,5.41,5.41,5.44,5.55,5.17,5.23,81720500,443089310.0
321,中国光大银行,2015-04-15,5.23,5.23,5.19,5.46,5.18,5.43,68058271,362587531.57
322,中国光大银行,2015-04-16,5.43,5.43,5.45,5.59,5.37,5.57,60025394,329608514.36
323,中国光大银行,2015-04-17,5.57,5.57,5.59,5.65,5.42,5.44,53467980,297664418.0
324,中国光大银行,2015-04-20,5.44,5.44,5.53,5.63,5.09,5.13,46446005,248814269.6
325,中国光大银行,2015-04-21,5.13,5.13,5.2,5.26,5.12,5.24,20591000,106658700.0
326,中国光大银行,2015-04-22,5.24,5.24,5.16,5.25,5.16,5.23,25399320,132278974.6
327,中国光大银行,2015-04-23,5.23,5.23,5.24,5.39,5.15,5.18,32447377,172094506.29
328,中国光大银行,2015-04-24,5.18,5.18,5.22,5.26,5.06,5.26,28727904,148885551.96
329,中国光大银行,2015-04-27,5.26,5.26,5.24,5.38,5.21,5.36,32043581,169965746.44
330,中国光大银行,2015-04-28,5.36,5.36,5.36,5.65,5.25,5.46,51396156,280132556.27
331,中国光大银行,2015-04-29,5.46,5.46,5.4,5.45,5.3,5.41,10866944,58338945.6
332,中国光大银行,2015-04-30,5.41,5.41,5.4,5.44,5.17,5.27,19606071,103120920.82
333,中国光大银行,2015-05-04,5.27,5.27,5.27,5.32,5.17,5.2,13572086,71111630.4
334,中国光大银行,2015-05-05,5.2,5.2,5.25,5.25,4.97,5.0,18701890,94965894.0
335,中国光大银行,2015-05-06,5.0,5.0,5.0,5.07,4.76,4.79,46555732,228708050.85
336,中国光大银行,2015-05-07,4.79,4.79,4.75,4.81,4.71,4.73,27821000,132069813.0
337,中国光大银行,2015-05-08,4.73,4.73,4.74,4.89,4.74,4.87,26894769,129839157.6
338,中国光大银行,2015-05-11,4.87,4.87,4.87,5.04,4.82,4.98,23884508,118260695.59
339,中国光大银行,2015-05-12,4.98,4.98,5.0,5.05,4.94,4.96,10874675,54204240.51
340,中国光大银行,2015-05-13,4.96,4.96,5.07,5.09,4.68,4.89,19565358,97316109.94
341,中国光大银行,2015-05-14,4.89,4.89,4.96,4.98,4.86,4.87,16583460,81505849.6
342,中国光大银行,2015-05-15,4.87,4.87,4.96,4.96,4.73,4.96,18718500,90912790.0
343,中国光大银行,2015-05-18,4.96,4.96,4.96,4.96,4.83,4.86,16818000,82094200.0
344,中国光大银行,2015-05-19,4.86,4.86,4.91,4.99,4.82,4.93,17078255,84493403.35
345,中国光大银行,2015-05-20,4.93,4.93,4.97,5.16,4.97,5.14,21207975,107732488.0
346,中国光大银行,2015-05-21,5.14,5.14,5.17,5.17,5.06,5.08,21700356,110373425.82
347,中国光大银行,2015-05-22,5.08,5.08,5.09,5.22,5.09,5.2,19327270,100096957.5
348,中国光大银行,2015-05-26,4.967,5.2,5.23,5.23,5.06,5.1,29373200,151143984.0
349,中国光大银行,2015-05-27,5.1,5.1,5.08,5.11,5.01,5.09,17058405,86153689.31
350,中国光大银行,2015-05-28,5.09,5.09,5.09,5.1,4.88,4.99,25477793,127058754.3
351,中国光大银行,2015-05-29,4.99,4.99,4.95,4.98,4.84,4.92,43466026,214266755.45
352,中国光大银行,2015-06-01,4.92,4.92,4.85,5.13,4.85,5.03,19577886,97857759.21
353,中国光大银行,2015-06-02,5.03,5.03,5.01,5.14,5.0,5.08,15796101,80019262.99
354,中国光大银行,2015-06-03,5.08,5.08,5.09,5.1,5.01,5.05,9087149,45855798.8
355,中国光大银行,2015-06-04,5.05,5.05,5.06,5.3,5.03,5.19,55807941,289327952.33
356,中国光大银行,2015-06-05,5.19,5.19,5.23,5.25,5.01,5.11,22388084,114734664.44
357,中国光大银行,2015-06-08,5.11,5.11,5.08,5.22,5.02,5.18,48148309,249281291.8
358,中国光大银行,2015-06-09,5.18,5.18,5.21,5.25,4.99,5.01,30085346,152735191.7
359,中国光大银行,2015-06-10,5.01,5.01,4.95,5.0,4.82,4.88,15398239,75870552.83
360,中国光大银行,2015-06-11,4.88,4.88,4.95,4.99,4.87,4.91,18744129,91963061.63
361,中国光大银行,2015-06-12,4.91,4.91,4.92,5.03,4.9,5.01,16461469,81728364.17
362,中国光大银行,2015-06-15,5.01,5.01,4.92,4.96,4.85,4.86,13740734,67303371.92
363,中国光大银行,2015-06-16,4.86,4.86,4.9,4.96,4.65,4.66,16828000,80073660.0
364,中国光大银行,2015-06-17,4.66,4.66,4.75,4.8,4.66,4.72,22854429,107862483.77
365,中国光大银行,2015-06-18,4.72,4.72,4.72,4.74,4.62,4.71,15536978,72814824.36
366,中国光大银行,2015-06-19,4.71,4.71,4.74,4.76,4.65,4.69,21899141,103212978.64
367,中国光大银行,2015-06-22,4.69,4.69,4.69,4.75,4.59,4.6,20449321,94667686.81
368,中国光大银行,2015-06-23,4.6,4.6,4.63,4.72,4.61,4.69,28018934,130907788.1
369,中国光大银行,2015-06-24,4.69,4.69,4.73,4.8,4.69,4.7,15864900,75161600.0
370,中国光大银行,2015-06-25,4.7,4.7,4.77,4.9,4.72,4.78,39629000,190576380.0
371,中国光大银行,2015-06-26,4.78,4.78,4.73,4.78,4.56,4.63,12998200,60797099.0
372,中国光大银行,2015-06-29,4.63,4.63,4.69,4.72,4.42,4.52,18679224,84406048.44
373,中国光大银行,2015-06-30,4.52,4.52,4.55,4.68,4.46,4.65,24964924,114938510.8
374,中国光大银行,2015-07-02,4.65,4.65,4.68,4.72,4.56,4.62,27526853,127744220.46
375,中国光大银行,2015-07-03,4.62,4.62,4.63,4.64,4.48,4.49,11508683,51974753.81
376,中国光大银行,2015-07-06,4.49,4.49,4.54,4.63,4.2,4.27,26790000,115891136.0
377,中国光大银行,2015-07-07,4.27,4.27,4.3,4.35,4.11,4.14,24645438,103136995.08
378,中国光大银行,2015-07-08,4.14,4.14,4.04,4.11,3.73,3.79,44927966,173763277.74
379,中国光大银行,2015-07-09,3.79,3.79,3.79,4.12,3.76,3.97,29959032,119501765.64
380,中国光大银行,2015-07-10,3.97,3.97,3.92,4.55,3.92,4.25,42166510,181100022.5
381,中国光大银行,2015-07-13,4.25,4.25,4.29,4.41,4.25,4.38,22930700,99680293.0
382,中国光大银行,2015-07-14,4.38,4.38,4.32,4.43,4.26,4.28,18534400,80254292.0
383,中国光大银行,2015-07-15,4.28,4.28,4.28,4.31,4.2,4.24,13812675,58589474.11
384,中国光大银行,2015-07-16,4.24,4.24,4.24,4.31,4.16,4.19,14634967,61527334.03
385,中国光大银行,2015-07-17,4.19,4.19,4.27,4.33,4.22,4.27,15328400,65445634.0
386,中国光大银行,2015-07-20,4.27,4.27,4.31,4.34,4.25,4.27,10027385,42992211.7
387,中国光大银行,2015-07-21,4.27,4.27,4.22,4.33,4.22,4.32,12210303,52398151.99
388,中国光大银行,2015-07-22,4.32,4.32,4.29,4.29,4.21,4.26,12062038,51116008.03
389,中国光大银行,2015-07-23,4.26,4.26,4.3,4.37,4.23,4.37,18190000,78548070.0
390,中国光大银行,2015-07-24,4.37,4.37,4.35,4.43,4.34,4.39,24007000,105119260.0
391,中国光大银行,2015-07-27,4.39,4.39,4.39,4.39,4.2,4.22,37713700,161341160.0
392,中国光大银行,2015-07-28,4.22,4.22,4.2,4.26,4.08,4.23,47786234,200263381.12
393,中国光大银行,2015-07-29,4.23,4.23,4.18,4.38,4.18,4.36,32466662,139134715.26
394,中国光大银行,2015-07-30,4.36,4.36,4.41,4.41,4.21,4.26,13949200,59589980.0
395,中国光大银行,2015-07-31,4.26,4.26,4.24,4.33,4.21,4.32,18523006,79520120.01
396,中国光大银行,2015-08-03,4.32,4.32,4.32,4.38,4.13,4.24,9001288,38100044.28
397,中国光大银行,2015-08-04,4.24,4.24,4.23,4.26,4.14,4.16,15401204,64426092.47
398,中国光大银行,2015-08-05,4.16,4.16,4.19,4.22,4.16,4.19,5635609,23599425.17
399,中国光大银行,2015-08-06,4.19,4.19,4.19,4.23,4.14,4.2,11660900,48921159.0
400,中国光大银行,2015-08-07,4.2,4.2,4.23,4.28,4.17,4.24,7053300,29962778.0
401,中国光大银行,2015-08-10,4.24,4.24,4.28,4.28,4.21,4.25,8442000,35781737.0
402,中国光大银行,2015-08-11,4.25,4.25,4.27,4.33,4.23,4.26,10139000,43408835.0
403,中国光大银行,2015-08-12,4.26,4.26,4.28,4.28,4.13,4.16,7375784,30715210.76
404,中国光大银行,2015-08-13,4.16,4.16,4.2,4.2,4.14,4.16,9114921,38009747.62
405,中国光大银行,2015-08-14,4.16,4.16,4.16,4.16,4.09,4.12,10990000,45201470.0
406,中国光大银行,2015-08-17,4.12,4.12,4.13,4.13,4.01,4.02,11422000,46114642.0
407,中国光大银行,2015-08-18,4.02,4.02,4.02,4.08,3.87,3.91,12689700,49945095.0
408,中国光大银行,2015-08-19,3.91,3.91,3.92,3.98,3.87,3.94,8995975,35230246.64
409,中国光大银行,2015-08-20,3.94,3.94,3.88,3.96,3.8,3.82,12145350,46688454.5
410,中国光大银行,2015-08-21,3.82,3.82,3.74,3.76,3.6,3.64,19893430,72817047.1
411,中国光大银行,2015-08-24,3.64,3.64,3.52,3.56,3.32,3.39,27591156,93645386.6
412,中国光大银行,2015-08-25,3.39,3.39,3.33,3.5,3.33,3.42,14513074,49680174.26
413,中国光大银行,2015-08-26,3.42,3.42,3.4,3.5,3.32,3.33,14975238,51050512.06
414,中国光大银行,2015-08-27,3.33,3.33,3.39,3.56,3.39,3.53,27410877,94920575.03
415,中国光大银行,2015-08-28,3.53,3.53,3.63,3.65,3.46,3.5,17761276,63042070.72
416,中国光大银行,2015-08-31,3.5,3.5,3.56,3.58,3.38,3.54,17846372,62379629.44
417,中国光大银行,2015-09-01,3.54,3.54,3.46,3.57,3.35,3.37,18041143,62060057.97
418,中国光大银行,2015-09-02,3.37,3.37,3.39,3.47,3.3,3.37,14715742,49830838.62
419,中国光大银行,2015-09-04,3.37,3.37,3.47,3.47,3.22,3.36,8498758,28403261.46
420,中国光大银行,2015-09-07,3.36,3.36,3.39,3.42,3.23,3.24,15086900,49982179.0
421,中国光大银行,2015-09-08,3.24,3.24,3.25,3.37,3.25,3.34,14477000,47977643.0
422,中国光大银行,2015-09-09,3.34,3.34,3.4,3.58,3.37,3.55,18915000,65771500.0
423,中国光大银行,2015-09-10,3.55,3.55,3.45,3.51,3.42,3.43,17051000,59060039.8
424,中国光大银行,2015-09-11,3.43,3.43,3.46,3.52,3.36,3.43,18915621,65368655.37
425,中国光大银行,2015-09-14,3.43,3.43,,,,3.43,0,
426,中国光大银行,2015-09-15,3.43,3.43,,,,3.43,0,
427,中国光大银行,2015-09-16,3.43,3.43,,,,3.43,0,
428,中国光大银行,2015-09-17,3.43,3.43,,,,3.43,0,
429,中国光大银行,2015-09-18,3.43,3.43,,,,3.43,0,
430,中国光大银行,2015-09-21,3.43,3.43,,,,3.43,0,
431,中国光大银行,2015-09-22,3.43,3.43,,,,3.43,0,
432,中国光大银行,2015-09-23,3.43,3.43,,,,3.43,0,
433,中国光大银行,2015-09-24,3.43,3.43,,,,3.43,0,
434,中国光大银行,2015-09-25,3.43,3.43,,,,3.43,0,
435,中国光大银行,2015-09-29,3.43,3.43,3.5,3.5,3.25,3.34,24822745,83138167.68
436,中国光大银行,2015-09-30,3.34,3.34,3.38,3.42,3.26,3.37,17812000,59711518.0
437,中国光大银行,2015-10-02,3.37,3.37,3.36,3.48,3.33,3.46,13861778,47361980.2
438,中国光大银行,2015-10-05,3.46,3.46,3.55,3.62,3.52,3.58,6520030,23226376.8
439,中国光大银行,2015-10-06,3.58,3.58,3.63,3.63,3.48,3.54,16328700,57426453.5
440,中国光大银行,2015-10-07,3.54,3.54,3.54,3.7,3.52,3.7,14362000,51915945.0
441,中国光大银行,2015-10-08,3.7,3.7,3.68,3.68,3.57,3.58,17209700,62198567.0
442,中国光大银行,2015-10-09,3.58,3.58,3.62,3.7,3.62,3.65,11471575,42044318.75
443,中国光大银行,2015-10-12,3.65,3.65,3.67,3.76,3.65,3.72,31016570,115031515.1
444,中国光大银行,2015-10-13,3.72,3.72,3.74,3.75,3.69,3.73,12293000,45609150.0
445,中国光大银行,2015-10-14,3.73,3.73,3.68,3.71,3.59,3.62,16004583,58410211.28
446,中国光大银行,2015-10-15,3.62,3.62,3.63,3.73,3.62,3.7,13579221,50089280.94
447,中国光大银行,2015-10-16,3.7,3.7,3.78,3.82,3.74,3.81,16119996,60927515.0
448,中国光大银行,2015-10-19,3.81,3.81,3.82,3.9,3.79,3.89,16328350,62561941.5
449,中国光大银行,2015-10-20,3.89,3.89,3.88,3.92,3.85,3.91,18170383,70614176.69
450,中国光大银行,2015-10-22,3.91,3.91,3.91,3.92,3.86,3.91,12411132,48236232.16
451,中国光大银行,2015-10-23,3.91,3.91,3.95,3.96,3.86,3.95,8265560,32332770.0
452,中国光大银行,2015-10-26,3.95,3.95,3.95,3.95,3.87,3.93,23572255,92097529.75
453,中国光大银行,2015-10-27,3.93,3.93,3.93,3.94,3.86,3.91,9687000,37737810.0
454,中国光大银行,2015-10-28,3.91,3.91,3.86,3.92,3.79,3.81,14373750,55396561.26
455,中国光大银行,2015-10-29,3.81,3.81,3.8,3.85,3.77,3.79,7635244,28992312.88
456,中国光大银行,2015-10-30,3.79,3.79,3.76,3.85,3.75,3.81,10729344,40896764.76
457,中国光大银行,2015-11-02,3.81,3.81,3.76,3.81,3.75,3.78,9385000,35476985.0
458,中国光大银行,2015-11-03,3.78,3.78,3.83,3.83,3.76,3.78,6329763,23968638.62
459,中国光大银行,2015-11-04,3.78,3.78,3.8,3.9,3.78,3.87,15112888,58395441.41
460,中国光大银行,2015-11-05,3.87,3.87,3.85,3.94,3.85,3.91,11258000,43944399.0
461,中国光大银行,2015-11-06,3.91,3.91,3.87,3.94,3.84,3.86,13675000,53116026.0
462,中国光大银行,2015-11-09,3.86,3.86,3.85,4.0,3.85,3.98,23934000,94732094.0
463,中国光大银行,2015-11-10,3.98,3.98,3.96,4.0,3.86,3.9,11840721,46443250.22
464,中国光大银行,2015-11-11,3.9,3.9,3.85,3.9,3.8,3.82,11448000,44050930.0
465,中国光大银行,2015-11-12,3.82,3.82,3.77,3.94,3.77,3.94,11026140,42792660.0
466,中国光大银行,2015-11-13,3.94,3.94,3.88,3.88,3.76,3.78,9622483,36496539.42
467,中国光大银行,2015-11-16,3.78,3.78,3.75,3.76,3.68,3.7,10675300,39729520.0
468,中国光大银行,2015-11-17,3.7,3.7,3.73,3.81,3.73,3.76,11808000,44459435.0
469,中国光大银行,2015-11-18,3.76,3.76,3.75,3.8,3.71,3.72,9467575,35400227.5
470,中国光大银行,2015-11-19,3.72,3.72,3.79,3.79,3.72,3.74,14074000,52671924.0
471,中国光大银行,2015-11-20,3.74,3.74,3.75,3.79,3.72,3.77,7787000,29208367.0
472,中国光大银行,2015-11-23,3.77,3.77,3.79,3.79,3.7,3.71,6715502,25106682.52
473,中国光大银行,2015-11-24,3.71,3.71,3.7,3.71,3.62,3.63,13589380,49499031.07
474,中国光大银行,2015-11-25,3.63,3.63,3.62,3.64,3.6,3.62,22345694,80922620.14
475,中国光大银行,2015-11-26,3.62,3.62,3.65,3.66,3.59,3.61,12362021,44809100.6
476,中国光大银行,2015-11-27,3.61,3.61,3.63,3.63,3.51,3.52,12124359,43107009.72
477,中国光大银行,2015-11-30,3.52,3.52,3.51,3.56,3.47,3.5,20222282,70900217.79
478,中国光大银行,2015-12-01,3.5,3.5,3.56,3.56,3.5,3.52,30560033,107817590.95
479,中国光大银行,2015-12-02,3.52,3.52,3.55,3.64,3.5,3.62,11458835,40998653.03
480,中国光大银行,2015-12-03,3.62,3.62,3.54,3.68,3.54,3.67,13119611,47746089.53
481,中国光大银行,2015-12-04,3.67,3.67,3.6,3.63,3.57,3.6,7357300,26444546.0
482,中国光大银行,2015-12-07,3.6,3.6,3.6,3.63,3.54,3.55,5103000,18249575.0
483,中国光大银行,2015-12-08,3.55,3.55,3.55,3.55,3.46,3.49,10366000,36130340.0
484,中国光大银行,2015-12-09,3.49,3.49,3.47,3.56,3.47,3.5,8148000,28579747.0
485,中国光大银行,2015-12-10,3.5,3.5,3.51,3.52,3.45,3.49,10768350,37615657.0
486,中国光大银行,2015-12-11,3.49,3.49,3.48,3.51,3.42,3.44,12374711,42826002.02
487,中国光大银行,2015-12-14,3.44,3.44,3.41,3.46,3.37,3.43,9010725,30790599.75
488,中国光大银行,2015-12-15,3.43,3.43,3.45,3.48,3.42,3.42,7006679,24148958.52
489,中国光大银行,2015-12-16,3.42,3.42,3.43,3.53,3.43,3.52,8040381,28163187.14
490,中国光大银行,2015-12-17,3.52,3.52,3.53,3.6,3.51,3.59,12373200,44124855.0
491,中国光大银行,2015-12-18,3.59,3.59,3.56,3.64,3.53,3.6,14686271,52750985.79
492,中国光大银行,2015-12-21,3.6,3.6,3.55,3.67,3.54,3.65,10158536,36835594.36
493,中国光大银行,2015-12-22,3.65,3.65,3.63,3.7,3.63,3.69,6689611,24539805.73
494,中国光大银行,2015-12-23,3.69,3.69,0.0,3.77,3.65,3.77,9693815,36242833.09
495,中国光大银行,2015-12-24,3.77,3.77,3.77,3.8,3.74,3.75,2604000,9802280.0
496,中国光大银行,2015-12-28,3.75,3.75,3.73,3.78,3.69,3.71,8784000,32771610.0
497,中国光大银行,2015-12-29,3.71,3.71,3.72,3.8,3.71,3.8,13068100,49198257.0
498,中国光大银行,2015-12-30,3.8,3.8,3.82,3.83,3.72,3.77,7028199,26413096.2
499,中国光大银行,2015-12-31,3.77,3.77,3.77,3.78,3.75,3.77,2775200,10457802.0
500,中国光大银行,2016-01-04,3.77,3.77,3.79,3.79,3.62,3.66,20886040,76719357.2
501,中国光大银行,2016-01-05,3.66,3.66,3.65,3.72,3.6,3.7,24587200,90715737.23
502,中国光大银行,2016-01-06,3.7,3.7,3.68,3.72,3.64,3.65,18391769,67599477.61
503,中国光大银行,2016-01-07,3.65,3.65,3.63,3.65,3.5,3.51,26207321,93296759.27
504,中国光大银行,2016-01-08,3.51,3.51,3.49,3.58,3.49,3.52,21678208,77001310.08
505,中国光大银行,2016-01-11,3.52,3.52,3.41,3.49,3.4,3.42,24646346,84681952.7
506,中国光大银行,2016-01-12,3.42,3.42,3.42,3.49,3.39,3.4,18817000,64693815.0
507,中国光大银行,2016-01-13,3.4,3.4,3.46,3.59,3.45,3.55,33938100,119638605.0
508,中国光大银行,2016-01-14,3.55,3.55,3.5,3.61,3.43,3.58,31528000,112623085.0
509,中国光大银行,2016-01-15,3.58,3.58,3.6,3.65,3.52,3.54,27951745,99858808.0
510,中国光大银行,2016-01-18,3.54,3.54,3.47,3.52,3.45,3.48,19544668,68156375.24
511,中国光大银行,2016-01-19,3.48,3.48,3.48,3.63,3.48,3.59,21376866,76449122.96
512,中国光大银行,2016-01-20,3.59,3.59,3.62,3.62,3.36,3.43,29173929,100759602.79
513,中国光大银行,2016-01-21,3.43,3.43,3.44,3.5,3.35,3.36,30516000,104257054.0
514,中国光大银行,2016-01-22,3.36,3.36,3.43,3.51,3.4,3.49,20325700,70837462.0
515,中国光大银行,2016-01-25,3.49,3.49,3.58,3.58,3.49,3.56,17229300,61236159.0
516,中国光大银行,2016-01-26,3.56,3.56,3.5,3.52,3.37,3.39,17985630,62340495.0
517,中国光大银行,2016-01-27,3.39,3.39,3.48,3.52,3.4,3.5,19802000,68874600.0
518,中国光大银行,2016-01-28,3.5,3.5,3.49,3.6,3.49,3.58,12959000,46010635.0
519,中国光大银行,2016-01-29,3.58,3.58,3.56,3.65,3.54,3.63,10022304,36149972.28
520,中国光大银行,2016-02-01,3.63,3.63,3.61,3.63,3.47,3.52,9289230,32696964.0
521,中国光大银行,2016-02-02,3.52,3.52,3.51,3.55,3.4,3.41,8571561,29614847.89
522,中国光大银行,2016-02-03,3.41,3.41,3.38,3.39,3.3,3.3,10401258,34665043.77
523,中国光大银行,2016-02-04,3.3,3.3,3.36,3.37,3.28,3.3,7194334,23916837.18
524,中国光大银行,2016-02-05,3.3,3.3,3.33,3.36,3.3,3.33,6509000,21606620.0
525,中国光大银行,2016-02-11,3.33,3.33,3.24,3.3,3.2,3.21,4501400,14530850.0
526,中国光大银行,2016-02-12,3.21,3.21,3.18,3.24,3.09,3.1,4248600,13304937.0
527,中国光大银行,2016-02-15,3.1,3.1,3.13,3.25,3.13,3.24,6042000,19480425.0
528,中国光大银行,2016-02-16,3.24,3.24,3.29,3.36,3.25,3.3,7117050,23556166.5
529,中国光大银行,2016-02-17,3.3,3.3,3.3,3.32,3.2,3.21,10715232,34916189.0
530,中国光大银行,2016-02-18,3.21,3.21,3.26,3.32,3.23,3.25,7891400,25826391.0
531,中国光大银行,2016-02-19,3.25,3.25,3.3,3.3,3.21,3.21,11555638,37414677.1
532,中国光大银行,2016-02-22,3.21,3.21,3.22,3.29,3.22,3.29,7026100,22872691.0
533,中国光大银行,2016-02-23,3.29,3.29,3.28,3.3,3.2,3.24,6691000,21650845.0
534,中国光大银行,2016-02-24,3.24,3.24,3.24,3.24,3.16,3.21,8909000,28527495.0
535,中国光大银行,2016-02-25,3.21,3.21,3.2,3.21,3.17,3.17,20756707,66294496.4
536,中国光大银行,2016-02-26,3.17,3.17,3.19,3.23,3.16,3.19,7294439,23314976.41
537,中国光大银行,2016-02-29,3.19,3.19,3.2,3.23,3.07,3.09,17889046,55578179.76
538,中国光大银行,2016-03-01,3.09,3.09,3.1,3.17,3.09,3.16,20718000,64742705.0
539,中国光大银行,2016-03-02,3.16,3.16,3.22,3.27,3.17,3.26,17831072,57600509.0
540,中国光大银行,2016-03-03,3.26,3.26,3.29,3.31,3.27,3.29,6944000,22816265.0
541,中国光大银行,2016-03-04,3.29,3.29,3.31,3.41,3.3,3.4,17189348,57742971.96
542,中国光大银行,2016-03-07,3.4,3.4,3.49,3.51,3.44,3.49,13152535,45797785.05
543,中国光大银行,2016-03-08,3.49,3.49,3.51,3.51,3.39,3.47,10644745,36546977.85
544,中国光大银行,2016-03-09,3.47,3.47,3.41,3.43,3.4,3.41,3676600,12543006.0
545,中国光大银行,2016-03-10,3.41,3.41,3.37,3.46,3.37,3.42,5662305,19358800.05
546,中国光大银行,2016-03-11,3.42,3.42,3.39,3.46,3.38,3.46,6059704,20781154.49
547,中国光大银行,2016-03-14,3.46,3.46,3.48,3.53,3.43,3.49,8092162,28186753.48
548,中国光大银行,2016-03-15,3.49,3.49,3.45,3.46,3.38,3.45,8891303,30497683.42
549,中国光大银行,2016-03-16,3.45,3.45,3.43,3.46,3.41,3.45,6672000,22964850.0
550,中国光大银行,2016-03-17,3.45,3.45,3.49,3.53,3.45,3.51,7239048,25310751.92
551,中国光大银行,2016-03-18,3.51,3.51,3.51,3.64,3.51,3.63,14557938,52202969.15
552,中国光大银行,2016-03-21,3.63,3.63,3.65,3.68,3.6,3.65,6321000,23003530.0
553,中国光大银行,2016-03-22,3.65,3.65,3.65,3.67,3.6,3.65,6811000,24717610.0
554,中国光大银行,2016-03-23,3.65,3.65,3.65,3.7,3.59,3.63,5807656,20989683.8
555,中国光大银行,2016-03-24,3.63,3.63,3.6,3.6,3.51,3.57,6093746,21671915.6
556,中国光大银行,2016-03-29,3.57,3.57,3.58,3.58,3.49,3.51,4714000,16574110.0
557,中国光大银行,2016-03-30,3.51,3.51,3.59,3.68,3.54,3.66,11844052,42806441.76
558,中国光大银行,2016-03-31,3.66,3.66,3.67,3.79,3.62,3.77,20158463,74684225.1
559,中国光大银行,2016-04-01,3.77,3.77,3.7,3.71,3.54,3.59,9512120,34361507.2
560,中国光大银行,2016-04-05,3.59,3.59,3.57,3.6,3.47,3.5,8139813,28575185.21
561,中国光大银行,2016-04-06,3.5,3.5,3.51,3.53,3.49,3.51,5925717,20782344.97
562,中国光大银行,2016-04-07,3.51,3.51,3.64,3.64,3.5,3.51,4238100,14921103.0
563,中国光大银行,2016-04-08,3.51,3.51,3.49,3.57,3.45,3.55,4685000,16395100.0
564,中国光大银行,2016-04-11,3.55,3.55,3.5,3.58,3.5,3.55,2969732,10549042.52
565,中国光大银行,2016-04-12,3.55,3.55,3.57,3.6,3.53,3.6,3294795,11765734.95
566,中国光大银行,2016-04-13,3.6,3.6,3.61,3.74,3.61,3.66,8784000,32174991.0
567,中国光大银行,2016-04-14,3.66,3.66,3.69,3.76,3.66,3.67,6362350,23594545.0
568,中国光大银行,2016-04-15,3.67,3.67,3.7,3.7,3.64,3.69,5158976,18975987.88
569,中国光大银行,2016-04-18,3.69,3.69,3.68,3.7,3.56,3.62,9923088,35797195.72
570,中国光大银行,2016-04-19,3.62,3.62,3.65,3.65,3.6,3.64,5876324,21273949.68
571,中国光大银行,2016-04-20,3.64,3.64,3.64,3.64,3.57,3.6,5663245,20385999.4
572,中国光大银行,2016-04-21,3.6,3.6,3.62,3.66,3.6,3.64,3106857,11293986.63
573,中国光大银行,2016-04-22,3.64,3.64,3.62,3.64,3.6,3.63,2303525,8338671.5
574,中国光大银行,2016-04-25,3.63,3.63,3.62,3.63,3.52,3.53,5539000,19671450.0
575,中国光大银行,2016-04-26,3.53,3.53,3.56,3.56,3.48,3.54,11930000,41864582.09
576,中国光大银行,2016-04-27,3.54,3.54,3.53,3.59,3.51,3.57,3043850,10836889.5
577,中国光大银行,2016-04-28,3.57,3.57,3.59,3.63,3.55,3.59,6057800,21724596.0
578,中国光大银行,2016-04-29,3.59,3.59,3.59,3.63,3.47,3.53,12669877,44665345.81
579,中国光大银行,2016-05-03,3.53,3.53,3.51,3.53,3.48,3.5,9051706,31652630.7
580,中国光大银行,2016-05-04,3.5,3.5,3.47,3.51,3.45,3.49,6758989,23593110.16
581,中国光大银行,2016-05-05,3.49,3.49,3.42,3.51,3.38,3.43,12174000,42016076.0
582,中国光大银行,2016-05-06,3.43,3.43,3.38,3.43,3.36,3.36,6354752,21555208.68
583,中国光大银行,2016-05-09,3.36,3.36,3.36,3.4,3.33,3.34,7841222,26218081.95
584,中国光大银行,2016-05-10,3.34,3.34,3.3,3.35,3.3,3.31,10396525,34449366.0
585,中国光大银行,2016-05-11,3.31,3.31,3.32,3.35,3.29,3.29,4589136,15170372.0
586,中国光大银行,2016-05-12,3.29,3.29,3.28,3.3,3.22,3.23,11383000,37022251.6
587,中国光大银行,2016-05-13,3.23,3.23,3.27,3.27,3.09,3.12,21288000,67018882.0
588,中国光大银行,2016-05-16,3.12,3.12,3.12,3.19,3.12,3.15,14936745,47114829.5
589,中国光大银行,2016-05-17,3.15,3.15,3.17,3.2,3.13,3.17,21116020,66652164.0
590,中国光大银行,2016-05-18,3.17,3.17,3.15,3.23,3.15,3.23,10700138,34176294.38
591,中国光大银行,2016-05-19,3.23,3.23,3.2,3.22,3.13,3.14,7506000,23796540.0
592,中国光大银行,2016-05-20,3.14,3.14,3.13,3.19,3.13,3.15,5162026,16318429.12
593,中国光大银行,2016-05-23,3.15,3.15,3.17,3.2,3.14,3.16,5406575,17165440.0
594,中国光大银行,2016-05-24,3.16,3.16,3.18,3.2,3.14,3.15,8411225,26585908.5
595,中国光大银行,2016-05-25,3.15,3.15,3.2,3.25,3.19,3.25,11496525,37079721.5
596,中国光大银行,2016-05-26,3.25,3.25,3.27,3.27,3.23,3.25,5955382,19376314.22
597,中国光大银行,2016-05-27,3.25,3.25,3.26,3.31,3.18,3.3,9261000,30195555.0
598,中国光大银行,2016-05-30,3.3,3.3,3.3,3.33,3.29,3.3,6934502,22930810.88
599,中国光大银行,2016-05-31,3.3,3.3,3.33,3.43,3.31,3.34,45210120,151300846.71
600,中国光大银行,2016-06-01,3.34,3.34,3.34,3.38,3.28,3.31,16073372,53359276.2
601,中国光大银行,2016-06-02,3.31,3.31,3.31,3.34,3.28,3.33,14568980,48267413.6
602,中国光大银行,2016-06-03,3.33,3.33,3.35,3.36,3.29,3.32,12392004,41084208.44
603,中国光大银行,2016-06-06,3.32,3.32,3.33,3.35,3.32,3.34,8938000,29842785.0
604,中国光大银行,2016-06-07,3.34,3.34,3.36,3.4,3.34,3.39,17218900,58011597.0
605,中国光大银行,2016-06-08,3.39,3.39,3.41,3.44,3.39,3.41,13442000,45937360.0
606,中国光大银行,2016-06-10,3.41,3.41,3.42,3.42,3.32,3.34,9515000,31879985.0
607,中国光大银行,2016-06-13,3.34,3.34,3.3,3.31,3.22,3.23,10325000,33576070.0
608,中国光大银行,2016-06-14,3.23,3.23,3.23,3.25,3.18,3.22,19472000,62735950.0
609,中国光大银行,2016-06-15,3.22,3.22,3.22,3.25,3.2,3.23,12011000,38804137.25
610,中国光大银行,2016-06-16,3.23,3.23,3.25,3.25,3.19,3.22,8737182,28001350.12
611,中国光大银行,2016-06-17,3.22,3.22,3.23,3.28,3.21,3.26,13368803,43381063.84
612,中国光大银行,2016-06-20,3.26,3.26,3.29,3.33,3.27,3.33,5231000,17255295.0
613,中国光大银行,2016-06-21,3.33,3.33,3.35,3.39,3.33,3.38,16654838,55934977.38
614,中国光大银行,2016-06-22,3.38,3.38,3.38,3.43,3.35,3.41,15240200,51776418.0
615,中国光大银行,2016-06-23,3.41,3.41,3.43,3.43,3.4,3.42,9424002,32203666.82
616,中国光大银行,2016-06-24,3.42,3.42,3.39,3.42,3.27,3.37,20186000,67412719.0
617,中国光大银行,2016-06-27,3.37,3.37,3.37,3.43,3.33,3.42,15331310,51961319.2
618,中国光大银行,2016-06-28,3.42,3.42,3.41,3.46,3.36,3.44,17524000,60061125.0
619,中国光大银行,2016-06-29,3.44,3.44,3.47,3.51,3.45,3.5,43475500,151811251.0
620,中国光大银行,2016-06-30,3.5,3.5,3.51,3.56,3.49,3.54,36511499,128388364.59
621,中国光大银行,2016-07-04,3.54,3.54,3.55,3.58,3.52,3.55,20789000,73923320.0
622,中国光大银行,2016-07-05,3.329,3.55,3.34,3.34,3.25,3.26,18135000,59524905.0
623,中国光大银行,2016-07-06,3.26,3.26,3.24,3.29,3.22,3.28,5461000,17802235.0
624,中国光大银行,2016-07-07,3.28,3.28,3.29,3.31,3.26,3.29,5407000,17781203.0
625,中国光大银行,2016-07-08,3.29,3.29,3.28,3.29,3.25,3.29,4333634,14183411.82
626,中国光大银行,2016-07-11,3.29,3.29,3.32,3.34,3.29,3.33,6716596,22353975.14
627,中国光大银行,2016-07-12,3.33,3.33,3.34,3.36,3.29,3.32,9972046,33179595.02
628,中国光大银行,2016-07-13,3.32,3.32,3.34,3.43,3.34,3.43,15194244,51508426.92
629,中国光大银行,2016-07-14,3.43,3.43,,,,3.43,0,
630,中国光大银行,2016-07-15,3.43,3.43,3.49,3.5,3.41,3.45,16739330,57961395.4
631,中国光大银行,2016-07-18,3.45,3.45,3.45,3.47,3.43,3.45,10228285,35275890.89
632,中国光大银行,2016-07-19,3.45,3.45,3.47,3.5,3.43,3.47,11864368,40957055.32
633,中国光大银行,2016-07-20,3.47,3.47,3.49,3.49,3.44,3.47,15481308,53641192.6
634,中国光大银行,2016-07-21,3.47,3.47,3.47,3.5,3.46,3.49,12890848,44938442.94
635,中国光大银行,2016-07-22,3.49,3.49,3.43,3.47,3.41,3.47,17355000,59673180.0
636,中国光大银行,2016-07-25,3.47,3.47,3.48,3.52,3.44,3.52,12475323,43569778.2
637,中国光大银行,2016-07-26,3.52,3.52,3.5,3.51,3.47,3.49,8595328,30056216.12
638,中国光大银行,2016-07-27,3.49,3.49,3.5,3.52,3.42,3.47,8810000,30458740.0
639,中国光大银行,2016-07-28,3.47,3.47,3.47,3.48,3.41,3.44,6419000,22148345.0
640,中国光大银行,2016-07-29,3.44,3.44,3.43,3.44,3.37,3.37,11697676,39815869.88
641,中国光大银行,2016-08-01,3.37,3.37,3.43,3.47,3.42,3.46,9314760,32184384.6
642,中国光大银行,2016-08-03,3.46,3.46,3.45,3.45,3.38,3.4,13106370,44676557.8
643,中国光大银行,2016-08-04,3.4,3.4,3.42,3.45,3.4,3.42,6433132,22020006.72
644,中国光大银行,2016-08-05,3.42,3.42,3.43,3.48,3.43,3.47,7340200,25385559.0
645,中国光大银行,2016-08-08,3.47,3.47,3.49,3.5,3.46,3.5,7408567,25829047.18
646,中国光大银行,2016-08-09,3.5,3.5,3.5,3.53,3.48,3.53,6523006,22914956.36
647,中国光大银行,2016-08-10,3.53,3.53,3.52,3.54,3.51,3.54,4739706,16723836.36
648,中国光大银行,2016-08-11,3.54,3.54,3.54,3.65,3.52,3.63,11361000,40874565.0
649,中国光大银行,2016-08-12,3.63,3.63,3.66,3.72,3.63,3.72,20892202,76981662.2
650,中国光大银行,2016-08-15,3.72,3.72,3.74,3.8,3.73,3.75,9132000,34391205.0
651,中国光大银行,2016-08-16,3.75,3.75,3.78,3.78,3.71,3.76,17365000,65050560.0
652,中国光大银行,2016-08-17,3.76,3.76,3.78,3.8,3.73,3.77,12696100,47846252.0
653,中国光大银行,2016-08-18,3.77,3.77,3.79,3.8,3.74,3.78,9179000,34650240.0
654,中国光大银行,2016-08-19,3.78,3.78,3.8,3.8,3.73,3.75,5215001,19531528.75
655,中国光大银行,2016-08-22,3.75,3.75,3.75,3.76,3.68,3.72,5632700,20860891.0
656,中国光大银行,2016-08-23,3.72,3.72,3.7,3.72,3.67,3.72,8379000,30994471.0
657,中国光大银行,2016-08-24,3.72,3.72,3.72,3.72,3.6,3.65,6567100,23898464.0
658,中国光大银行,2016-08-25,3.65,3.65,3.63,3.65,3.56,3.62,14802000,53251075.0
659,中国光大银行,2016-08-26,3.62,3.62,3.61,3.65,3.59,3.64,3561190,12927102.1
660,中国光大银行,2016-08-29,3.64,3.64,3.59,3.63,3.5,3.55,12896800,45872854.0
661,中国光大银行,2016-08-30,3.55,3.55,3.55,3.61,3.52,3.59,11530000,41177480.0
662,中国光大银行,2016-08-31,3.59,3.59,3.57,3.67,3.57,3.67,13274663,48294105.39
663,中国光大银行,2016-09-01,3.67,3.67,3.67,3.68,3.62,3.66,7418500,27192577.3
664,中国光大银行,2016-09-02,3.66,3.66,3.67,3.69,3.64,3.65,6072490,22288585.7
665,中国光大银行,2016-09-05,3.65,3.65,3.7,3.72,3.68,3.7,11660000,43124750.0
666,中国光大银行,2016-09-06,3.7,3.7,3.7,3.79,3.69,3.79,18776669,70136371.75
667,中国光大银行,2016-09-07,3.79,3.79,3.79,3.79,3.72,3.74,6415610,24045722.5
668,中国光大银行,2016-09-08,3.74,3.74,3.76,3.77,3.71,3.71,8439526,31438239.02
669,中国光大银行,2016-09-09,3.71,3.71,3.74,3.77,3.72,3.75,15518500,58194795.0
670,中国光大银行,2016-09-12,3.75,3.75,3.7,3.7,3.61,3.64,14121586,51545073.9
671,中国光大银行,2016-09-13,3.64,3.64,3.65,3.71,3.63,3.63,16001000,58835560.0
672,中国光大银行,2016-09-14,3.63,3.63,3.63,3.68,3.63,3.66,9281360,34038094.2
673,中国光大银行,2016-09-15,3.66,3.66,3.64,3.74,3.64,3.73,8094530,30117487.37
674,中国光大银行,2016-09-19,3.73,3.73,3.72,3.78,3.7,3.74,17098820,63965058.4
675,中国光大银行,2016-09-20,3.74,3.74,3.72,3.78,3.72,3.74,11168900,41893179.0
676,中国光大银行,2016-09-21,3.74,3.74,3.77,3.82,3.76,3.82,11612617,44061126.41
677,中国光大银行,2016-09-22,3.82,3.82,3.85,3.89,3.77,3.81,20130325,77119102.25
678,中国光大银行,2016-09-23,3.81,3.81,3.81,3.83,3.73,3.76,6460100,24284631.0
679,中国光大银行,2016-09-26,3.76,3.76,3.75,3.75,3.65,3.68,8368900,30933188.0
680,中国光大银行,2016-09-27,3.68,3.68,3.67,3.74,3.57,3.73,7413297,27315155.08
681,中国光大银行,2016-09-28,3.73,3.73,3.7,3.71,3.67,3.68,4104668,15114801.64
682,中国光大银行,2016-09-29,3.68,3.68,3.69,3.74,3.69,3.7,3271000,12124820.0
683,中国光大银行,2016-09-30,3.7,3.7,3.67,3.69,3.61,3.61,11747668,42761903.2
684,中国光大银行,2016-10-03,3.61,3.61,3.64,3.68,3.61,3.62,2653769,9653725.71
685,中国光大银行,2016-10-04,3.62,3.62,3.61,3.66,3.61,3.62,9530693,34492932.65
686,中国光大银行,2016-10-05,3.62,3.62,3.63,3.66,3.62,3.63,4760032,17325311.8
687,中国光大银行,2016-10-06,3.63,3.63,3.64,3.7,3.64,3.69,3437660,12618799.98
688,中国光大银行,2016-10-07,3.69,3.69,3.72,3.72,3.66,3.67,3010000,11084430.0
689,中国光大银行,2016-10-11,3.67,3.67,3.69,3.72,3.59,3.59,11049600,40287598.0
690,中国光大银行,2016-10-12,3.59,3.59,3.63,3.63,3.57,3.59,8269138,29664341.6
691,中国光大银行,2016-10-13,3.59,3.59,3.57,3.59,3.52,3.55,9809000,34716066.0
692,中国光大银行,2016-10-14,3.55,3.55,3.55,3.58,3.53,3.55,5996000,21328715.0
693,中国光大银行,2016-10-17,3.55,3.55,3.55,3.6,3.53,3.6,10295000,36695755.0
694,中国光大银行,2016-10-18,3.6,3.6,3.61,3.64,3.55,3.62,7397900,26756783.0
695,中国光大银行,2016-10-19,3.62,3.62,3.62,3.65,3.59,3.59,4901000,17666690.0
696,中国光大银行,2016-10-20,3.59,3.59,3.61,3.63,3.59,3.6,2816672,10162169.04
697,中国光大银行,2016-10-24,3.6,3.6,3.63,3.69,3.59,3.69,7654000,27975280.0
698,中国光大银行,2016-10-25,3.69,3.69,3.7,3.7,3.64,3.65,5371300,19666643.0
699,中国光大银行,2016-10-26,3.65,3.65,3.67,3.67,3.59,3.59,4610000,16667315.0
700,中国光大银行,2016-10-27,3.59,3.59,3.63,3.63,3.53,3.53,5336000,18953610.0
701,中国光大银行,2016-10-28,3.53,3.53,3.53,3.57,3.52,3.53,4002302,14180322.1
702,中国光大银行,2016-10-31,3.53,3.53,3.53,3.6,3.53,3.54,4741464,16898088.95
703,中国光大银行,2016-11-01,3.54,3.54,3.59,3.59,3.54,3.56,4614002,16479291.24
704,中国光大银行,2016-11-02,3.56,3.56,3.56,3.56,3.5,3.5,4740901,16712898.0
705,中国光大银行,2016-11-03,3.5,3.5,3.52,3.57,3.51,3.55,4498401,15949896.55
706,中国光大银行,2016-11-04,3.55,3.55,3.54,3.57,3.53,3.54,2355264,8350112.76
707,中国光大银行,2016-11-07,3.54,3.54,3.52,3.59,3.52,3.56,4510826,16076292.52
708,中国光大银行,2016-11-08,3.56,3.56,3.58,3.6,3.57,3.6,4242000,15215415.0
709,中国光大银行,2016-11-09,3.6,3.6,3.61,3.62,3.48,3.55,7875282,27880920.28
710,中国光大银行,2016-11-10,3.55,3.55,3.59,3.61,3.56,3.56,5867500,21032080.0
711,中国光大银行,2016-11-11,3.56,3.56,3.56,3.6,3.48,3.5,10602000,37200291.0
712,中国光大银行,2016-11-14,3.5,3.5,3.5,3.54,3.44,3.44,8545900,29715284.0
713,中国光大银行,2016-11-15,3.44,3.44,3.45,3.5,3.45,3.46,4161000,14468147.0
714,中国光大银行,2016-11-16,3.46,3.46,3.49,3.51,3.46,3.46,4482345,15619807.8
715,中国光大银行,2016-11-17,3.46,3.46,3.46,3.48,3.44,3.45,4297000,14842170.0
716,中国光大银行,2016-11-18,3.45,3.45,3.47,3.48,3.43,3.45,4452021,15367686.9
717,中国光大银行,2016-11-21,3.45,3.45,3.46,3.49,3.44,3.44,9331000,32312637.0
718,中国光大银行,2016-11-22,3.44,3.44,3.47,3.61,3.44,3.59,20296800,72417855.0
719,中国光大银行,2016-11-23,3.59,3.59,3.62,3.67,3.59,3.66,14765798,53814742.8
720,中国光大银行,2016-11-24,3.66,3.66,3.66,3.67,3.55,3.63,9611000,34987210.0
721,中国光大银行,2016-11-25,3.63,3.63,3.65,3.7,3.62,3.68,10797995,39690393.28
722,中国光大银行,2016-11-28,3.68,3.68,3.68,3.74,3.66,3.69,15697500,58154685.0
723,中国光大银行,2016-11-29,3.69,3.69,3.7,3.73,3.69,3.69,7518614,27857984.96
