,tradeDate,midRate
0,2006-01-04,1.0408
1,2006-01-05,1.0405
2,2006-01-06,1.0404
3,2006-01-09,1.0404
4,2006-01-10,1.0409
5,2006-01-11,1.0411
6,2006-01-12,1.0409
7,2006-01-13,1.0411
8,2006-01-16,1.0407
9,2006-01-17,1.0405
10,2006-01-18,1.0408
11,2006-01-19,1.0406
12,2006-01-20,1.0399
13,2006-01-23,1.0399
14,2006-01-24,1.0397
15,2006-01-25,1.0395
16,2006-01-26,1.0395
17,2006-01-27,1.0394
18,2006-02-06,1.0385
19,2006-02-07,1.0384
20,2006-02-08,1.038
21,2006-02-09,1.0378
22,2006-02-10,1.0373
23,2006-02-13,1.0371
24,2006-02-14,1.037
25,2006-02-15,1.0369
26,2006-02-16,1.0371
27,2006-02-17,1.0372
28,2006-02-20,1.0371
29,2006-02-21,1.037
30,2006-02-22,1.0371
31,2006-02-23,1.0371
32,2006-02-24,1.0367
33,2006-02-27,1.0365
34,2006-02-28,1.0365
35,2006-03-01,1.0363
36,2006-03-02,1.0363
37,2006-03-03,1.0361
38,2006-03-06,1.036
39,2006-03-07,1.0365
40,2006-03-08,1.0369
41,2006-03-09,1.0369
42,2006-03-10,1.037
43,2006-03-13,1.0371
44,2006-03-14,1.0371
45,2006-03-15,1.0361
46,2006-03-16,1.0355
47,2006-03-17,1.0349
48,2006-03-20,1.0344
49,2006-03-21,1.0346
50,2006-03-22,1.0349
51,2006-03-23,1.0348
52,2006-03-24,1.0353
53,2006-03-27,1.0341
54,2006-03-28,1.0337
55,2006-03-29,1.0345
56,2006-03-30,1.0343
57,2006-03-31,1.0331
58,2006-04-03,1.03366
59,2006-04-04,1.03349
60,2006-04-05,1.03252
61,2006-04-06,1.0323
62,2006-04-07,1.03279
63,2006-04-10,1.03187
64,2006-04-11,1.03276
65,2006-04-12,1.03275
66,2006-04-13,1.03436
67,2006-04-14,1.0334
68,2006-04-17,1.03327
69,2006-04-18,1.03302
70,2006-04-19,1.03307
71,2006-04-20,1.03331
72,2006-04-21,1.03426
73,2006-04-24,1.03412
74,2006-04-25,1.03388
75,2006-04-26,1.0345
76,2006-04-27,1.03429
77,2006-04-28,1.03387
78,2006-05-08,1.03313
79,2006-05-09,1.0329
80,2006-05-10,1.03257
81,2006-05-11,1.03278
82,2006-05-12,1.03296
83,2006-05-15,1.03159
84,2006-05-16,1.03377
85,2006-05-17,1.03261
86,2006-05-18,1.03409
87,2006-05-19,1.03365
88,2006-05-22,1.03455
89,2006-05-23,1.0339
90,2006-05-24,1.03444
91,2006-05-25,1.03483
92,2006-05-26,1.03422
93,2006-05-29,1.03506
94,2006-05-30,1.03503
95,2006-05-31,1.03364
96,2006-06-01,1.0339
97,2006-06-02,1.03398
98,2006-06-05,1.03242
99,2006-06-06,1.03301
100,2006-06-07,1.0344
101,2006-06-08,1.03297
102,2006-06-09,1.03297
103,2006-06-12,1.03284
104,2006-06-13,1.03164
105,2006-06-14,1.03117
106,2006-06-15,1.03074
107,2006-06-16,1.03045
108,2006-06-19,1.03059
109,2006-06-20,1.03054
110,2006-06-21,1.02976
111,2006-06-22,1.02985
112,2006-06-23,1.03037
113,2006-06-26,1.03026
114,2006-06-27,1.03025
115,2006-06-28,1.02999
116,2006-06-29,1.03004
117,2006-06-30,1.02942
118,2006-07-03,1.02906
119,2006-07-04,1.02899
120,2006-07-05,1.02905
121,2006-07-06,1.02893
122,2006-07-07,1.02872
123,2006-07-10,1.02868
124,2006-07-11,1.02838
125,2006-07-12,1.0279
126,2006-07-13,1.0282
127,2006-07-14,1.02807
128,2006-07-17,1.02847
129,2006-07-18,1.02917
130,2006-07-19,1.02925
131,2006-07-20,1.02795
132,2006-07-21,1.02747
133,2006-07-24,1.02676
134,2006-07-25,1.02691
135,2006-07-26,1.02692
136,2006-07-27,1.02623
137,2006-07-28,1.0269
138,2006-07-31,1.0259
139,2006-08-01,1.02601
140,2006-08-02,1.02544
141,2006-08-03,1.02619
142,2006-08-04,1.02622
143,2006-08-07,1.02534
144,2006-08-08,1.02542
145,2006-08-09,1.02575
146,2006-08-10,1.02474
147,2006-08-11,1.02515
148,2006-08-14,1.02774
149,2006-08-15,1.02765
150,2006-08-16,1.02612
151,2006-08-17,1.0255
152,2006-08-18,1.02544
153,2006-08-21,1.02523
154,2006-08-22,1.02456
155,2006-08-23,1.02483
156,2006-08-24,1.02496
157,2006-08-25,1.02505
158,2006-08-28,1.02471
159,2006-08-29,1.02438
160,2006-08-30,1.0234
161,2006-08-31,1.02334
162,2006-09-01,1.02328
163,2006-09-04,1.02217
164,2006-09-05,1.02125
165,2006-09-06,1.02185
166,2006-09-07,1.02241
167,2006-09-08,1.02319
168,2006-09-11,1.02353
169,2006-09-12,1.02264
170,2006-09-13,1.02261
171,2006-09-14,1.02132
172,2006-09-15,1.02097
173,2006-09-18,1.02047
174,2006-09-19,1.01919
175,2006-09-20,1.01839
176,2006-09-21,1.01823
177,2006-09-22,1.01766
178,2006-09-25,1.01747
179,2006-09-26,1.01684
180,2006-09-27,1.01529
181,2006-09-28,1.01426
182,2006-09-29,1.01541
183,2006-10-09,1.01589
184,2006-10-10,1.01586
185,2006-10-11,1.0156
186,2006-10-12,1.01613
187,2006-10-13,1.01579
188,2006-10-16,1.01631
189,2006-10-17,1.0166
190,2006-10-18,1.01626
191,2006-10-19,1.01594
192,2006-10-20,1.01426
193,2006-10-23,1.01495
194,2006-10-24,1.01573
195,2006-10-25,1.0149
196,2006-10-26,1.01435
197,2006-10-27,1.0134
198,2006-10-30,1.01323
199,2006-10-31,1.01335
200,2006-11-01,1.01223
201,2006-11-02,1.01261
202,2006-11-03,1.01229
203,2006-11-06,1.0131
204,2006-11-07,1.01265
205,2006-11-08,1.01102
206,2006-11-09,1.01102
207,2006-11-10,1.0106
208,2006-11-13,1.01042
209,2006-11-14,1.01098
210,2006-11-15,1.01105
211,2006-11-16,1.01112
212,2006-11-17,1.01131
213,2006-11-20,1.01043
214,2006-11-21,1.01059
215,2006-11-22,1.01007
216,2006-11-23,1.00966
217,2006-11-24,1.00897
218,2006-11-27,1.00797
219,2006-11-28,1.00932
220,2006-11-29,1.00823
221,2006-11-30,1.00872
222,2006-12-01,1.00715
223,2006-12-04,1.00643
224,2006-12-05,1.00709
225,2006-12-06,1.00669
226,2006-12-07,1.00788
227,2006-12-08,1.0076
228,2006-12-11,1.00834
229,2006-12-12,1.00756
230,2006-12-13,1.00679
231,2006-12-14,1.00627
232,2006-12-15,1.00602
233,2006-12-18,1.00666
234,2006-12-19,1.0068
235,2006-12-20,1.0057
236,2006-12-21,1.00576
237,2006-12-22,1.00567
238,2006-12-25,1.00598
239,2006-12-26,1.0053
240,2006-12-27,1.00558
241,2006-12-28,1.00507
242,2006-12-29,1.00467
243,2007-01-04,1.00239
244,2007-01-05,1.00268
245,2007-01-08,1.00281
246,2007-01-09,1.00151
247,2007-01-10,1.00122
248,2007-01-11,1.00004
249,2007-01-12,1.00037
250,2007-01-15,0.99945
251,2007-01-16,0.99886
252,2007-01-17,0.99698
253,2007-01-18,0.99634
254,2007-01-19,0.99574
255,2007-01-22,0.99639
256,2007-01-23,0.99792
257,2007-01-24,0.99687
258,2007-01-25,0.99599
259,2007-01-26,0.99652
260,2007-01-29,0.99656
261,2007-01-30,0.99587
262,2007-01-31,0.9962
263,2007-02-01,0.99431
264,2007-02-02,0.99444
265,2007-02-05,0.99434
266,2007-02-06,0.99383
267,2007-02-07,0.99246
268,2007-02-08,0.99209
269,2007-02-09,0.99268
270,2007-02-12,0.99349
271,2007-02-13,0.99393
272,2007-02-14,0.99241
273,2007-02-15,0.99248
274,2007-02-16,0.99132
275,2007-02-26,0.99253
276,2007-02-27,0.9917
277,2007-02-28,0.99072
278,2007-03-01,0.99174
279,2007-03-02,0.9915
280,2007-03-05,0.99061
281,2007-03-06,0.99122
282,2007-03-07,0.99076
283,2007-03-08,0.99
284,2007-03-09,0.99124
285,2007-03-12,0.99143
286,2007-03-13,0.99043
287,2007-03-14,0.99017
288,2007-03-15,0.9908
289,2007-03-16,0.99073
290,2007-03-19,0.99021
291,2007-03-20,0.99054
292,2007-03-21,0.99014
293,2007-03-22,0.98976
294,2007-03-23,0.99044
295,2007-03-26,0.99063
296,2007-03-27,0.98986
297,2007-03-28,0.98972
298,2007-03-29,0.98942
299,2007-03-30,0.98993
300,2007-04-02,0.98925
301,2007-04-03,0.98892
302,2007-04-04,0.98955
303,2007-04-05,0.9885
304,2007-04-06,0.98831
305,2007-04-09,0.98874
306,2007-04-10,0.98893
307,2007-04-11,0.98909
308,2007-04-12,0.98885
309,2007-04-13,0.98837
310,2007-04-16,0.98833
311,2007-04-17,0.98964
312,2007-04-18,0.98887
313,2007-04-19,0.98823
314,2007-04-20,0.9883
315,2007-04-23,0.98904
316,2007-04-24,0.98895
317,2007-04-25,0.98769
318,2007-04-26,0.98733
319,2007-04-27,0.98625
320,2007-04-30,0.98518
321,2007-05-08,0.98417
322,2007-05-09,0.98443
323,2007-05-10,0.98424
324,2007-05-11,0.98225
325,2007-05-14,0.98161
326,2007-05-15,0.98524
327,2007-05-16,0.98339
328,2007-05-17,0.98218
329,2007-05-18,0.98206
330,2007-05-21,0.98027
331,2007-05-22,0.97871
332,2007-05-23,0.97838
333,2007-05-24,0.97816
334,2007-05-25,0.9778
335,2007-05-28,0.97794
336,2007-05-29,0.97878
337,2007-05-30,0.97826
338,2007-05-31,0.97997
339,2007-06-01,0.9793
340,2007-06-04,0.9797
341,2007-06-05,0.97899
342,2007-06-06,0.97843
343,2007-06-07,0.97943
344,2007-06-08,0.98089
345,2007-06-11,0.98262
346,2007-06-12,0.97864
347,2007-06-13,0.97589
348,2007-06-14,0.97572
349,2007-06-15,0.97524
350,2007-06-18,0.97482
351,2007-06-19,0.97461
352,2007-06-20,0.97459
353,2007-06-21,0.97512
354,2007-06-22,0.97564
355,2007-06-25,0.97505
356,2007-06-26,0.97514
357,2007-06-27,0.97483
358,2007-06-28,0.97479
359,2007-06-29,0.97436
360,2007-07-02,0.97304
361,2007-07-03,0.97164
362,2007-07-04,0.97305
363,2007-07-05,0.97337
364,2007-07-06,0.97403
365,2007-07-09,0.97328
366,2007-07-10,0.97036
367,2007-07-11,0.96854
368,2007-07-12,0.96931
369,2007-07-13,0.9688
370,2007-07-16,0.96766
371,2007-07-17,0.96734
372,2007-07-18,0.96739
373,2007-07-19,0.96716
374,2007-07-20,0.96798
375,2007-07-23,0.96741
376,2007-07-24,0.96817
377,2007-07-25,0.96637
378,2007-07-26,0.96875
379,2007-07-27,0.96771
380,2007-07-30,0.96911
381,2007-07-31,0.96805
382,2007-08-01,0.9667
383,2007-08-02,0.96725
384,2007-08-03,0.96685
385,2007-08-06,0.96557
386,2007-08-07,0.96682
387,2007-08-08,0.96767
388,2007-08-09,0.96645
389,2007-08-10,0.96775
390,2007-08-13,0.9691
391,2007-08-14,0.96959
392,2007-08-15,0.9707
393,2007-08-16,0.97216
394,2007-08-17,0.97206
395,2007-08-20,0.97232
396,2007-08-21,0.97185
397,2007-08-22,0.97316
398,2007-08-23,0.97091
399,2007-08-24,0.96921
400,2007-08-27,0.96922
401,2007-08-28,0.96823
402,2007-08-29,0.96827
403,2007-08-30,0.96863
404,2007-08-31,0.96985
405,2007-09-03,0.96877
406,2007-09-04,0.96939
407,2007-09-05,0.9692
408,2007-09-06,0.96778
409,2007-09-07,0.96833
410,2007-09-10,0.96722
411,2007-09-11,0.96811
412,2007-09-12,0.9667
413,2007-09-13,0.96489
414,2007-09-14,0.96577
415,2007-09-17,0.96603
416,2007-09-18,0.96623
417,2007-09-19,0.96518
418,2007-09-20,0.96582
419,2007-09-21,0.96394
420,2007-09-24,0.96505
421,2007-09-25,0.96618
422,2007-09-26,0.96684
423,2007-09-27,0.96769
424,2007-09-28,0.96834
425,2007-10-08,0.96835
426,2007-10-09,0.96952
427,2007-10-10,0.96861
428,2007-10-11,0.96893
429,2007-10-12,0.96875
430,2007-10-15,0.96922
431,2007-10-16,0.96904
432,2007-10-17,0.96928
433,2007-10-18,0.96887
434,2007-10-19,0.9686
435,2007-10-22,0.9683
436,2007-10-23,0.96782
437,2007-10-24,0.96679
438,2007-10-25,0.96588
439,2007-10-26,0.96523
440,2007-10-29,0.96403
441,2007-10-30,0.9641
442,2007-10-31,0.96375
443,2007-11-01,0.96189
444,2007-11-02,0.96173
445,2007-11-05,0.96035
446,2007-11-06,0.96048
447,2007-11-07,0.95924
448,2007-11-08,0.95622
449,2007-11-09,0.95425
450,2007-11-12,0.95242
451,2007-11-13,0.95404
452,2007-11-14,0.95459
453,2007-11-15,0.95429
454,2007-11-16,0.95551
455,2007-11-19,0.95449
456,2007-11-20,0.95453
457,2007-11-21,0.95261
458,2007-11-22,0.95266
459,2007-11-23,0.95128
460,2007-11-26,0.95101
461,2007-11-27,0.9493
462,2007-11-28,0.94929
463,2007-11-29,0.95029
464,2007-11-30,0.95009
465,2007-12-03,0.95214
466,2007-12-04,0.95126
467,2007-12-05,0.94948
468,2007-12-06,0.9518
469,2007-12-07,0.95043
470,2007-12-10,0.94861
471,2007-12-11,0.94646
472,2007-12-12,0.94438
473,2007-12-13,0.94332
474,2007-12-14,0.94385
475,2007-12-17,0.94618
476,2007-12-18,0.94587
477,2007-12-19,0.94465
478,2007-12-20,0.94414
479,2007-12-21,0.94305
480,2007-12-24,0.93966
481,2007-12-25,0.93858
482,2007-12-26,0.93903
483,2007-12-27,0.93617
484,2007-12-28,0.93638
485,2008-01-02,0.93534
486,2008-01-03,0.93151
487,2008-01-04,0.93331
488,2008-01-07,0.93204
489,2008-01-08,0.93325
490,2008-01-09,0.93207
491,2008-01-10,0.93285
492,2008-01-11,0.93143
493,2008-01-14,0.92966
494,2008-01-15,0.92847
495,2008-01-16,0.92875
496,2008-01-17,0.9303
497,2008-01-18,0.92966
498,2008-01-21,0.92996
499,2008-01-22,0.92849
500,2008-01-23,0.9269
501,2008-01-24,0.9262
502,2008-01-25,0.92293
503,2008-01-28,0.92206
504,2008-01-29,0.92256
505,2008-01-30,0.92266
506,2008-01-31,0.92102
507,2008-02-01,0.9224
508,2008-02-04,0.92227
509,2008-02-05,0.92118
510,2008-02-13,0.92249
511,2008-02-14,0.92181
512,2008-02-15,0.92
513,2008-02-18,0.91887
514,2008-02-19,0.91763
515,2008-02-20,0.91582
516,2008-02-21,0.91663
517,2008-02-22,0.91631
518,2008-02-25,0.91662
519,2008-02-26,0.91721
520,2008-02-27,0.917
521,2008-02-28,0.91487
522,2008-02-29,0.91353
523,2008-03-03,0.91335
524,2008-03-04,0.91454
525,2008-03-05,0.9144
526,2008-03-06,0.91397
527,2008-03-07,0.91287
528,2008-03-10,0.91308
529,2008-03-11,0.91174
530,2008-03-12,0.91253
531,2008-03-13,0.91109
532,2008-03-14,0.91038
533,2008-03-17,0.91109
534,2008-03-18,0.91279
535,2008-03-19,0.90884
536,2008-03-20,0.90705
537,2008-03-21,0.90761
538,2008-03-24,0.9066
539,2008-03-25,0.90502
540,2008-03-26,0.90277
541,2008-03-27,0.90133
542,2008-03-28,0.90146
543,2008-03-31,0.90194
544,2008-04-01,0.90185
545,2008-04-02,0.90262
546,2008-04-03,0.90113
547,2008-04-07,0.89884
548,2008-04-08,0.89888
549,2008-04-09,0.89896
550,2008-04-10,0.89788
551,2008-04-11,0.89906
552,2008-04-14,0.89832
553,2008-04-15,0.89778
554,2008-04-16,0.89874
555,2008-04-17,0.89698
556,2008-04-18,0.89831
557,2008-04-21,0.89911
558,2008-04-22,0.89678
559,2008-04-23,0.89587
560,2008-04-24,0.89669
561,2008-04-25,0.89787
562,2008-04-28,0.89804
563,2008-04-29,0.89716
564,2008-04-30,0.89833
565,2008-05-05,0.89814
566,2008-05-06,0.89668
567,2008-05-07,0.89624
568,2008-05-08,0.89826
569,2008-05-09,0.89805
570,2008-05-12,0.89551
571,2008-05-13,0.8964
572,2008-05-14,0.89757
573,2008-05-15,0.89733
574,2008-05-16,0.89609
575,2008-05-19,0.89382
576,2008-05-20,0.8946
577,2008-05-21,0.89218
578,2008-05-22,0.89013
579,2008-05-23,0.89094
580,2008-05-26,0.88947
581,2008-05-27,0.88971
582,2008-05-28,0.88921
583,2008-05-29,0.88929
584,2008-05-30,0.89026
585,2008-06-02,0.88881
586,2008-06-03,0.88793
587,2008-06-04,0.8886
588,2008-06-05,0.88877
589,2008-06-06,0.88676
590,2008-06-10,0.88607
591,2008-06-11,0.88617
592,2008-06-12,0.88378
593,2008-06-13,0.88344
594,2008-06-16,0.88349
595,2008-06-17,0.88245
596,2008-06-18,0.8813
597,2008-06-19,0.88151
598,2008-06-20,0.88159
599,2008-06-23,0.87989
600,2008-06-24,0.88041
601,2008-06-25,0.87964
602,2008-06-26,0.87917
603,2008-06-27,0.8794
604,2008-06-30,0.87917
605,2008-07-01,0.87978
606,2008-07-02,0.87995
607,2008-07-03,0.87871
608,2008-07-04,0.88009
609,2008-07-07,0.87928
610,2008-07-08,0.87905
611,2008-07-09,0.87964
612,2008-07-10,0.87787
613,2008-07-11,0.87659
614,2008-07-14,0.8748
615,2008-07-15,0.87453
616,2008-07-16,0.87358
617,2008-07-17,0.87434
618,2008-07-18,0.87505
619,2008-07-21,0.87549
620,2008-07-22,0.87484
621,2008-07-23,0.87566
622,2008-07-24,0.87552
623,2008-07-25,0.87511
624,2008-07-28,0.87545
625,2008-07-29,0.87439
626,2008-07-30,0.87605
627,2008-07-31,0.87647
628,2008-08-01,0.87695
629,2008-08-04,0.87741
630,2008-08-05,0.87776
631,2008-08-06,0.87802
632,2008-08-07,0.87838
633,2008-08-08,0.87868
634,2008-08-11,0.87852
635,2008-08-12,0.87908
636,2008-08-13,0.87904
637,2008-08-14,0.87894
638,2008-08-15,0.87875
639,2008-08-18,0.87882
640,2008-08-19,0.87801
641,2008-08-20,0.87734
642,2008-08-21,0.87734
643,2008-08-22,0.87552
644,2008-08-25,0.87602
645,2008-08-26,0.87598
646,2008-08-27,0.87628
647,2008-08-28,0.87514
648,2008-08-29,0.87532
649,2008-09-01,0.87529
650,2008-09-02,0.87577
651,2008-09-03,0.87595
652,2008-09-04,0.87615
653,2008-09-05,0.87661
654,2008-09-08,0.87681
655,2008-09-09,0.87673
656,2008-09-10,0.87698
657,2008-09-11,0.87773
658,2008-09-12,0.87789
659,2008-09-16,0.87553
660,2008-09-17,0.87756
661,2008-09-18,0.87652
662,2008-09-19,0.87723
663,2008-09-22,0.87728
664,2008-09-23,0.87562
665,2008-09-24,0.87756
666,2008-09-25,0.87804
667,2008-09-26,0.87654
668,2008-10-06,0.87903
669,2008-10-07,0.87945
670,2008-10-08,0.87901
671,2008-10-09,0.87959
672,2008-10-10,0.88006
673,2008-10-13,0.87983
674,2008-10-14,0.87957
675,2008-10-15,0.87979
676,2008-10-16,0.88035
677,2008-10-17,0.88062
678,2008-10-20,0.88048
679,2008-10-21,0.88062
680,2008-10-22,0.88126
681,2008-10-23,0.88173
682,2008-10-24,0.88147
683,2008-10-27,0.88177
684,2008-10-28,0.88193
685,2008-10-29,0.88112
686,2008-10-30,0.88065
687,2008-10-31,0.88055
688,2008-11-03,0.88095
689,2008-11-04,0.88072
690,2008-11-05,0.88039
691,2008-11-06,0.88061
692,2008-11-07,0.88095
693,2008-11-10,0.88064
694,2008-11-11,0.88082
695,2008-11-12,0.88113
696,2008-11-13,0.88115
697,2008-11-14,0.88109
698,2008-11-17,0.88129
699,2008-11-18,0.881
700,2008-11-19,0.88118
701,2008-11-20,0.88136
702,2008-11-21,0.8815
703,2008-11-24,0.88119
704,2008-11-25,0.88074
705,2008-11-26,0.88019
706,2008-11-27,0.88069
707,2008-11-28,0.88159
708,2008-12-01,0.8839
709,2008-12-02,0.88413
710,2008-12-03,0.88364
711,2008-12-04,0.88369
712,2008-12-05,0.88345
713,2008-12-08,0.88386
714,2008-12-09,0.8835
715,2008-12-10,0.88349
716,2008-12-11,0.88347
717,2008-12-12,0.88321
718,2008-12-15,0.8831
719,2008-12-16,0.88298
720,2008-12-17,0.88195
721,2008-12-18,0.88157
722,2008-12-19,0.88201
723,2008-12-22,0.88225
724,2008-12-23,0.88241
725,2008-12-24,0.88253
726,2008-12-25,0.88211
727,2008-12-26,0.88204
728,2008-12-29,0.88197
729,2008-12-30,0.88195
730,2008-12-31,0.88189
731,2009-01-05,0.88205
732,2009-01-06,0.88196
733,2009-01-07,0.88201
734,2009-01-08,0.88197
735,2009-01-09,0.88127
736,2009-01-12,0.88146
737,2009-01-13,0.88193
738,2009-01-14,0.88177
739,2009-01-15,0.88158
740,2009-01-16,0.8813
741,2009-01-19,0.88098
742,2009-01-20,0.88147
743,2009-01-21,0.88152
744,2009-01-22,0.8812
745,2009-01-23,0.88127
746,2009-02-02,0.88197
747,2009-02-03,0.88205
748,2009-02-04,0.88148
749,2009-02-05,0.88158
750,2009-02-06,0.88172
751,2009-02-09,0.88144
752,2009-02-10,0.88139
753,2009-02-11,0.8815
754,2009-02-12,0.88145
755,2009-02-13,0.88148
756,2009-02-16,0.88148
757,2009-02-17,0.88149
758,2009-02-18,0.88156
759,2009-02-19,0.88154
760,2009-02-20,0.88151
761,2009-02-23,0.88133
762,2009-02-24,0.88167
763,2009-02-25,0.88171
764,2009-02-26,0.88173
765,2009-02-27,0.88182
766,2009-03-02,0.88161
767,2009-03-03,0.88161
768,2009-03-04,0.88157
769,2009-03-05,0.88108
770,2009-03-06,0.88133
771,2009-03-09,0.88133
772,2009-03-10,0.88132
773,2009-03-11,0.88119
774,2009-03-12,0.88116
775,2009-03-13,0.88128
776,2009-03-16,0.88161
777,2009-03-17,0.88134
778,2009-03-18,0.88126
779,2009-03-19,0.88107
780,2009-03-20,0.88102
781,2009-03-23,0.88132
782,2009-03-24,0.88128
783,2009-03-25,0.88163
784,2009-03-26,0.88155
785,2009-03-27,0.8815
786,2009-03-30,0.88179
787,2009-03-31,0.88203
788,2009-04-01,0.88184
789,2009-04-02,0.88179
790,2009-04-03,0.88152
791,2009-04-07,0.8817
792,2009-04-08,0.88211
793,2009-04-09,0.88199
794,2009-04-10,0.88186
795,2009-04-13,0.88162
796,2009-04-14,0.88116
797,2009-04-15,0.88117
798,2009-04-16,0.88128
799,2009-04-17,0.8814
800,2009-04-20,0.88166
801,2009-04-21,0.8818
802,2009-04-22,0.88134
803,2009-04-23,0.8812
804,2009-04-24,0.88093
805,2009-04-27,0.88065
806,2009-04-28,0.88094
807,2009-04-29,0.88077
808,2009-04-30,0.88061
809,2009-05-04,0.8803
810,2009-05-05,0.88
811,2009-05-06,0.88038
812,2009-05-07,0.88037
813,2009-05-08,0.88025
814,2009-05-11,0.88025
815,2009-05-12,0.88052
816,2009-05-13,0.88043
817,2009-05-14,0.88059
818,2009-05-15,0.88058
819,2009-05-18,0.88073
820,2009-05-19,0.88044
821,2009-05-20,0.88046
822,2009-05-21,0.88033
823,2009-05-22,0.88024
824,2009-05-25,0.88023
825,2009-05-26,0.88096
826,2009-05-27,0.8813
827,2009-06-01,0.88135
828,2009-06-02,0.88124
829,2009-06-03,0.88111
830,2009-06-04,0.8814
831,2009-06-05,0.88154
832,2009-06-08,0.88187
833,2009-06-09,0.88186
834,2009-06-10,0.88156
835,2009-06-11,0.88173
836,2009-06-12,0.8815
837,2009-06-15,0.88182
838,2009-06-16,0.88209
839,2009-06-17,0.88179
840,2009-06-18,0.88153
841,2009-06-19,0.88174
842,2009-06-22,0.88162
843,2009-06-23,0.88171
844,2009-06-24,0.88147
845,2009-06-25,0.88167
846,2009-06-26,0.88164
847,2009-06-29,0.88149
848,2009-06-30,0.88153
849,2009-07-01,0.8816
850,2009-07-02,0.88138
851,2009-07-03,0.88169
852,2009-07-06,0.88164
853,2009-07-07,0.88161
854,2009-07-08,0.88174
855,2009-07-09,0.88154
856,2009-07-10,0.88141
857,2009-07-13,0.8815
858,2009-07-14,0.88166
859,2009-07-15,0.88162
860,2009-07-16,0.88146
861,2009-07-17,0.88141
862,2009-07-20,0.88154
863,2009-07-21,0.88142
864,2009-07-22,0.8814
865,2009-07-23,0.88138
866,2009-07-24,0.88152
867,2009-07-27,0.88148
868,2009-07-28,0.8814
869,2009-07-29,0.88147
870,2009-07-30,0.88174
871,2009-07-31,0.88158
872,2009-08-03,0.88141
873,2009-08-04,0.88132
874,2009-08-05,0.88136
875,2009-08-06,0.88134
876,2009-08-07,0.88146
877,2009-08-10,0.88183
878,2009-08-11,0.88193
879,2009-08-12,0.88189
880,2009-08-13,0.88177
881,2009-08-14,0.88158
882,2009-08-17,0.88168
883,2009-08-18,0.88171
884,2009-08-19,0.88144
885,2009-08-20,0.88134
886,2009-08-21,0.8813
887,2009-08-24,0.88128
888,2009-08-25,0.8814
889,2009-08-26,0.88142
890,2009-08-27,0.88145
891,2009-08-28,0.88128
892,2009-08-31,0.88133
893,2009-09-01,0.8813
894,2009-09-02,0.88138
895,2009-09-03,0.88124
896,2009-09-04,0.88132
897,2009-09-07,0.8813
898,2009-09-08,0.88125
899,2009-09-09,0.88116
900,2009-09-10,0.8811
901,2009-09-11,0.88101
902,2009-09-14,0.88102
903,2009-09-15,0.88107
904,2009-09-16,0.88104
905,2009-09-17,0.88092
906,2009-09-18,0.88088
907,2009-09-21,0.88096
908,2009-09-22,0.88109
909,2009-09-23,0.88087
910,2009-09-24,0.88096
911,2009-09-25,0.88107
912,2009-09-28,0.88096
913,2009-09-29,0.88112
914,2009-09-30,0.88114
915,2009-10-09,0.88089
916,2009-10-12,0.88095
917,2009-10-13,0.88089
918,2009-10-14,0.88088
919,2009-10-15,0.88086
920,2009-10-16,0.8809
921,2009-10-19,0.88095
922,2009-10-20,0.88094
923,2009-10-21,0.881
924,2009-10-22,0.88092
925,2009-10-23,0.88096
926,2009-10-26,0.88103
927,2009-10-27,0.88108
928,2009-10-28,0.88105
929,2009-10-29,0.88109
930,2009-10-30,0.88102
931,2009-11-02,0.88104
932,2009-11-03,0.881
933,2009-11-04,0.881
934,2009-11-05,0.88099
935,2009-11-06,0.88097
936,2009-11-09,0.88094
937,2009-11-10,0.88087
938,2009-11-11,0.88086
939,2009-11-12,0.88087
940,2009-11-13,0.88094
941,2009-11-16,0.88092
942,2009-11-17,0.88091
943,2009-11-18,0.88096
944,2009-11-19,0.88095
945,2009-11-20,0.881
946,2009-11-23,0.88099
947,2009-11-24,0.88097
948,2009-11-25,0.88096
949,2009-11-26,0.88087
950,2009-11-27,0.88086
951,2009-11-30,0.88091
952,2009-12-01,0.88089
953,2009-12-02,0.88086
954,2009-12-03,0.8809
955,2009-12-04,0.88092
956,2009-12-07,0.88098
957,2009-12-08,0.88098
958,2009-12-09,0.88095
959,2009-12-10,0.88093
960,2009-12-11,0.88093
961,2009-12-14,0.88093
962,2009-12-15,0.88078
963,2009-12-16,0.88058
964,2009-12-17,0.88065
965,2009-12-18,0.88035
966,2009-12-21,0.8803
967,2009-12-22,0.88049
968,2009-12-23,0.88054
969,2009-12-24,0.88068
970,2009-12-25,0.88039
971,2009-12-28,0.8805
972,2009-12-29,0.8803
973,2009-12-30,0.88046
974,2009-12-31,0.88048
975,2010-01-04,0.88039
976,2010-01-05,0.88029
977,2010-01-06,0.88026
978,2010-01-07,0.88047
979,2010-01-08,0.88036
980,2010-01-11,0.88035
981,2010-01-12,0.8804
982,2010-01-13,0.88037
983,2010-01-14,0.88028
984,2010-01-15,0.87994
985,2010-01-18,0.87975
986,2010-01-19,0.87939
987,2010-01-20,0.87951
988,2010-01-21,0.8789
989,2010-01-22,0.87845
990,2010-01-25,0.87833
991,2010-01-26,0.87887
992,2010-01-27,0.87799
993,2010-01-28,0.87799
994,2010-01-29,0.87834
995,2010-02-01,0.87902
996,2010-02-02,0.87889
997,2010-02-03,0.87901
998,2010-02-04,0.879
999,2010-02-05,0.8786
1000,2010-02-08,0.87854
1001,2010-02-09,0.87854
1002,2010-02-10,0.87876
1003,2010-02-11,0.87867
1004,2010-02-12,0.87873
1005,2010-02-22,0.87914
1006,2010-02-23,0.87942
1007,2010-02-24,0.87942
1008,2010-02-25,0.87924
1009,2010-02-26,0.8793
1010,2010-03-01,0.87949
1011,2010-03-02,0.87919
1012,2010-03-03,0.87939
1013,2010-03-04,0.8794
1014,2010-03-05,0.87935
1015,2010-03-08,0.8795
1016,2010-03-09,0.87986
1017,2010-03-10,0.8797
1018,2010-03-11,0.87984
1019,2010-03-12,0.8797
1020,2010-03-15,0.8799
1021,2010-03-16,0.87981
1022,2010-03-17,0.87961
1023,2010-03-18,0.8795
1024,2010-03-19,0.87962
1025,2010-03-22,0.87972
1026,2010-03-23,0.87957
1027,2010-03-24,0.87944
1028,2010-03-25,0.87956
1029,2010-03-26,0.87958
1030,2010-03-29,0.87928
1031,2010-03-30,0.87926
1032,2010-03-31,0.87922
1033,2010-04-01,0.87916
1034,2010-04-02,0.87884
1035,2010-04-06,0.87898
1036,2010-04-07,0.87916
1037,2010-04-08,0.87946
1038,2010-04-09,0.87973
1039,2010-04-12,0.88
1040,2010-04-13,0.87957
1041,2010-04-14,0.87975
1042,2010-04-15,0.87953
1043,2010-04-16,0.87953
1044,2010-04-19,0.87938
1045,2010-04-20,0.87938
1046,2010-04-21,0.87936
1047,2010-04-22,0.87934
1048,2010-04-23,0.8795
1049,2010-04-26,0.87942
1050,2010-04-27,0.87919
1051,2010-04-28,0.87916
1052,2010-04-29,0.87889
1053,2010-04-30,0.87905
1054,2010-05-04,0.87937
1055,2010-05-05,0.87909
1056,2010-05-06,0.87898
1057,2010-05-07,0.87751
1058,2010-05-10,0.8778
1059,2010-05-11,0.87742
1060,2010-05-12,0.87739
1061,2010-05-13,0.87721
1062,2010-05-14,0.87727
1063,2010-05-17,0.87664
1064,2010-05-18,0.87544
1065,2010-05-19,0.87511
1066,2010-05-20,0.87535
1067,2010-05-21,0.87491
1068,2010-05-24,0.8749
1069,2010-05-25,0.8752
1070,2010-05-26,0.87525
1071,2010-05-27,0.87722
1072,2010-05-28,0.87696
1073,2010-05-31,0.87659
1074,2010-06-01,0.87647
1075,2010-06-02,0.87617
1076,2010-06-03,0.87633
1077,2010-06-04,0.87661
1078,2010-06-07,0.87607
1079,2010-06-08,0.87481
1080,2010-06-09,0.87496
1081,2010-06-10,0.87518
1082,2010-06-11,0.87657
1083,2010-06-17,0.87633
1084,2010-06-18,0.87686
1085,2010-06-21,0.87856
1086,2010-06-22,0.87443
1087,2010-06-23,0.87525
1088,2010-06-24,0.87557
1089,2010-06-25,0.87286
1090,2010-06-28,0.87276
1091,2010-06-29,0.87247
1092,2010-06-30,0.87239
1093,2010-07-01,0.87139
1094,2010-07-02,0.86938
1095,2010-07-05,0.8689
1096,2010-07-06,0.87016
1097,2010-07-07,0.87007
1098,2010-07-08,0.8702
1099,2010-07-09,0.87008
1100,2010-07-12,0.87151
1101,2010-07-13,0.87202
1102,2010-07-14,0.87138
1103,2010-07-15,0.87167
1104,2010-07-16,0.8715
1105,2010-07-19,0.87193
1106,2010-07-20,0.87211
1107,2010-07-21,0.87163
1108,2010-07-22,0.87267
1109,2010-07-23,0.87195
1110,2010-07-26,0.87256
1111,2010-07-27,0.87222
1112,2010-07-28,0.87266
1113,2010-07-29,0.87274
1114,2010-07-30,0.87236
1115,2010-08-02,0.87232
1116,2010-08-03,0.87221
1117,2010-08-04,0.87248
1118,2010-08-05,0.87286
1119,2010-08-06,0.87244
1120,2010-08-09,0.87191
1121,2010-08-10,0.87276
1122,2010-08-11,0.87282
1123,2010-08-12,0.87575
1124,2010-08-13,0.87581
1125,2010-08-16,0.87558
1126,2010-08-17,0.87458
1127,2010-08-18,0.87367
1128,2010-08-19,0.87387
1129,2010-08-20,0.87354
1130,2010-08-23,0.8745
1131,2010-08-24,0.87458
1132,2010-08-25,0.87448
1133,2010-08-26,0.87493
1134,2010-08-27,0.8743
1135,2010-08-30,0.87447
1136,2010-08-31,0.87528
1137,2010-09-01,0.87574
1138,2010-09-02,0.87451
1139,2010-09-03,0.87441
1140,2010-09-06,0.873
1141,2010-09-07,0.87285
1142,2010-09-08,0.87385
1143,2010-09-09,0.87273
1144,2010-09-10,0.8704
1145,2010-09-13,0.86915
1146,2010-09-14,0.86735
1147,2010-09-15,0.86594
1148,2010-09-16,0.86493
1149,2010-09-17,0.86492
1150,2010-09-20,0.86421
1151,2010-09-21,0.8629
1152,2010-09-27,0.86497
1153,2010-09-28,0.86421
1154,2010-09-29,0.86284
1155,2010-09-30,0.86349
1156,2010-10-08,0.86165
1157,2010-10-11,0.86029
1158,2010-10-12,0.86055
1159,2010-10-13,0.85957
1160,2010-10-14,0.85799
1161,2010-10-15,0.85701
1162,2010-10-18,0.85763
1163,2010-10-19,0.85792
1164,2010-10-20,0.86022
1165,2010-10-21,0.85896
1166,2010-10-22,0.85984
1167,2010-10-25,0.85962
1168,2010-10-26,0.86055
1169,2010-10-27,0.86228
1170,2010-10-28,0.86341
1171,2010-10-29,0.86256
1172,2010-11-01,0.86277
1173,2010-11-02,0.86329
1174,2010-11-03,0.86197
1175,2010-11-04,0.86063
1176,2010-11-05,0.85937
1177,2010-11-08,0.86041
1178,2010-11-09,0.85891
1179,2010-11-10,0.85719
1180,2010-11-11,0.85456
1181,2010-11-12,0.85451
1182,2010-11-15,0.85536
1183,2010-11-16,0.85701
1184,2010-11-17,0.85727
1185,2010-11-18,0.85688
1186,2010-11-19,0.85646
1187,2010-11-22,0.85615
1188,2010-11-23,0.85692
1189,2010-11-24,0.85829
1190,2010-11-25,0.85788
1191,2010-11-26,0.85765
1192,2010-11-29,0.85907
1193,2010-11-30,0.85979
1194,2010-12-01,0.85993
1195,2010-12-02,0.85868
1196,2010-12-03,0.85751
1197,2010-12-06,0.8567
1198,2010-12-07,0.85754
1199,2010-12-08,0.85792
1200,2010-12-09,0.85807
1201,2010-12-10,0.85711
1202,2010-12-13,0.85683
1203,2010-12-14,0.85537
1204,2010-12-15,0.85619
1205,2010-12-16,0.85692
1206,2010-12-17,0.85634
1207,2010-12-20,0.8566
1208,2010-12-21,0.8563
1209,2010-12-22,0.85599
1210,2010-12-23,0.85447
1211,2010-12-24,0.85329
1212,2010-12-27,0.85213
1213,2010-12-28,0.85144
1214,2010-12-29,0.85134
1215,2010-12-30,0.85103
1216,2010-12-31,0.85093
1217,2011-01-04,0.85213
1218,2011-01-05,0.85332
1219,2011-01-06,0.85338
1220,2011-01-07,0.85336
1221,2011-01-10,0.85353
1222,2011-01-11,0.85149
1223,2011-01-12,0.8504
1224,2011-01-13,0.84907
1225,2011-01-14,0.84754
1226,2011-01-17,0.84757
1227,2011-01-18,0.84733
1228,2011-01-19,0.84713
1229,2011-01-20,0.84699
1230,2011-01-21,0.84636
1231,2011-01-24,0.84566
1232,2011-01-25,0.84506
1233,2011-01-26,0.84563
1234,2011-01-27,0.84636
1235,2011-01-28,0.84647
1236,2011-01-31,0.8456
1237,2011-02-01,0.84482
1238,2011-02-09,0.84594
1239,2011-02-10,0.8457
1240,2011-02-11,0.84666
1241,2011-02-14,0.84663
1242,2011-02-15,0.84591
1243,2011-02-16,0.84498
1244,2011-02-17,0.84487
1245,2011-02-18,0.84473
1246,2011-02-21,0.8441
1247,2011-02-22,0.84475
1248,2011-02-23,0.8448
1249,2011-02-24,0.84406
1250,2011-02-25,0.84364
1251,2011-02-28,0.84363
1252,2011-03-01,0.84366
1253,2011-03-02,0.84372
1254,2011-03-03,0.84318
1255,2011-03-04,0.84321
1256,2011-03-07,0.84298
1257,2011-03-08,0.84348
1258,2011-03-09,0.84402
1259,2011-03-10,0.84377
1260,2011-03-11,0.84405
1261,2011-03-14,0.84341
1262,2011-03-15,0.84295
1263,2011-03-16,0.84313
1264,2011-03-17,0.84189
1265,2011-03-18,0.84174
1266,2011-03-21,0.8415
1267,2011-03-22,0.84123
1268,2011-03-23,0.84154
1269,2011-03-24,0.84197
1270,2011-03-25,0.84129
1271,2011-03-28,0.84176
1272,2011-03-29,0.84149
1273,2011-03-30,0.84153
1274,2011-03-31,0.84225
1275,2011-04-01,0.84237
1276,2011-04-06,0.84267
1277,2011-04-07,0.8419
1278,2011-04-08,0.8418
1279,2011-04-11,0.84184
1280,2011-04-12,0.84191
1281,2011-04-13,0.84081
1282,2011-04-14,0.84019
1283,2011-04-15,0.83985
1284,2011-04-18,0.83994
1285,2011-04-19,0.83984
1286,2011-04-20,0.83957
1287,2011-04-21,0.83936
1288,2011-04-22,0.83881
1289,2011-04-25,0.8386
1290,2011-04-26,0.83856
1291,2011-04-27,0.83758
1292,2011-04-28,0.83725
1293,2011-04-29,0.83639
1294,2011-05-03,0.83677
1295,2011-05-04,0.83697
1296,2011-05-05,0.83671
1297,2011-05-06,0.8363
1298,2011-05-09,0.83626
1299,2011-05-10,0.83563
1300,2011-05-11,0.83571
1301,2011-05-12,0.83631
1302,2011-05-13,0.8365
1303,2011-05-16,0.83738
1304,2011-05-17,0.83718
1305,2011-05-18,0.83702
1306,2011-05-19,0.83671
1307,2011-05-20,0.83593
1308,2011-05-23,0.83605
1309,2011-05-24,0.8362
1310,2011-05-25,0.83511
1311,2011-05-26,0.83413
1312,2011-05-27,0.83381
1313,2011-05-30,0.83353
1314,2011-05-31,0.83368
1315,2011-06-01,0.8337
1316,2011-06-02,0.83398
1317,2011-06-03,0.83373
1318,2011-06-07,0.83319
1319,2011-06-08,0.83291
1320,2011-06-09,0.83308
1321,2011-06-10,0.83336
1322,2011-06-13,0.83373
1323,2011-06-14,0.83268
1324,2011-06-15,0.83244
1325,2011-06-16,0.83179
1326,2011-06-17,0.82942
1327,2011-06-20,0.83014
1328,2011-06-21,0.83024
1329,2011-06-22,0.83046
1330,2011-06-23,0.83113
1331,2011-06-24,0.83111
1332,2011-06-27,0.83116
1333,2011-06-28,0.8311
1334,2011-06-29,0.83133
1335,2011-06-30,0.83162
1336,2011-07-01,0.83105
1337,2011-07-04,0.83099
1338,2011-07-05,0.83099
1339,2011-07-06,0.83167
1340,2011-07-07,0.8317
1341,2011-07-08,0.83138
1342,2011-07-11,0.83145
1343,2011-07-12,0.83126
1344,2011-07-13,0.83062
1345,2011-07-14,0.82991
1346,2011-07-15,0.83
1347,2011-07-18,0.82974
1348,2011-07-19,0.82974
1349,2011-07-20,0.82888
1350,2011-07-21,0.82827
1351,2011-07-22,0.82767
1352,2011-07-25,0.82788
1353,2011-07-26,0.82739
1354,2011-07-27,0.82709
1355,2011-07-28,0.82694
1356,2011-07-29,0.82696
1357,2011-08-01,0.82642
1358,2011-08-02,0.82681
1359,2011-08-03,0.82656
1360,2011-08-04,0.82572
1361,2011-08-05,0.82608
1362,2011-08-08,0.82385
1363,2011-08-09,0.82377
1364,2011-08-10,0.82209
1365,2011-08-11,0.81939
1366,2011-08-12,0.82074
1367,2011-08-15,0.8205
1368,2011-08-16,0.82054
1369,2011-08-17,0.8213
1370,2011-08-18,0.82068
1371,2011-08-19,0.82113
1372,2011-08-22,0.82062
1373,2011-08-23,0.82037
1374,2011-08-24,0.81953
1375,2011-08-25,0.82015
1376,2011-08-26,0.8203
1377,2011-08-29,0.8195
1378,2011-08-30,0.8193
1379,2011-08-31,0.81923
1380,2011-09-01,0.81995
1381,2011-09-02,0.82066
1382,2011-09-05,0.82041
1383,2011-09-06,0.82057
1384,2011-09-07,0.82069
1385,2011-09-08,0.81971
1386,2011-09-09,0.8201
1387,2011-09-13,0.82013
1388,2011-09-14,0.81952
1389,2011-09-15,0.81926
1390,2011-09-16,0.81868
1391,2011-09-19,0.81924
1392,2011-09-20,0.81929
1393,2011-09-21,0.81861
1394,2011-09-22,0.8186
1395,2011-09-23,0.81853
1396,2011-09-26,0.81697
1397,2011-09-27,0.81767
1398,2011-09-28,0.8161
1399,2011-09-29,0.81662
1400,2011-09-30,0.81539
1401,2011-10-10,0.81708
1402,2011-10-11,0.81586
1403,2011-10-12,0.8173
1404,2011-10-13,0.81935
1405,2011-10-14,0.81983
1406,2011-10-17,0.81913
1407,2011-10-18,0.81965
1408,2011-10-19,0.81947
1409,2011-10-20,0.81845
1410,2011-10-21,0.81781
1411,2011-10-24,0.8168
1412,2011-10-25,0.81553
1413,2011-10-26,0.81611
1414,2011-10-27,0.81662
1415,2011-10-28,0.81476
1416,2011-10-31,0.81441
1417,2011-11-01,0.81478
1418,2011-11-02,0.8145
1419,2011-11-03,0.81327
1420,2011-11-04,0.81312
1421,2011-11-07,0.8137
1422,2011-11-08,0.81402
1423,2011-11-09,0.81354
1424,2011-11-10,0.81448
1425,2011-11-11,0.81378
1426,2011-11-14,0.81372
1427,2011-11-15,0.8151
1428,2011-11-16,0.81601
1429,2011-11-17,0.81639
1430,2011-11-18,0.81596
1431,2011-11-21,0.81554
1432,2011-11-22,0.81588
1433,2011-11-23,0.81492
1434,2011-11-24,0.81557
1435,2011-11-25,0.81524
1436,2011-11-28,0.81576
1437,2011-11-29,0.81571
1438,2011-11-30,0.815
1439,2011-12-01,0.815
1440,2011-12-02,0.81484
1441,2011-12-05,0.81537
1442,2011-12-06,0.81481
1443,2011-12-07,0.8149
1444,2011-12-08,0.81457
1445,2011-12-09,0.81459
1446,2011-12-12,0.81348
1447,2011-12-13,0.8141
1448,2011-12-14,0.81483
1449,2011-12-15,0.81479
1450,2011-12-16,0.81423
1451,2011-12-19,0.81321
1452,2011-12-20,0.81396
1453,2011-12-21,0.81301
1454,2011-12-22,0.81293
1455,2011-12-23,0.81244
1456,2011-12-26,0.81223
1457,2011-12-27,0.81199
1458,2011-12-28,0.8119
1459,2011-12-29,0.81219
1460,2011-12-30,0.8107
1461,2012-01-04,0.81112
1462,2012-01-05,0.81266
1463,2012-01-06,0.81346
1464,2012-01-09,0.81421
1465,2012-01-10,0.81344
1466,2012-01-11,0.81308
1467,2012-01-12,0.81403
1468,2012-01-13,0.81359
1469,2012-01-16,0.81497
1470,2012-01-17,0.81426
1471,2012-01-18,0.81396
1472,2012-01-19,0.81386
1473,2012-01-20,0.81347
1474,2012-01-30,0.813
1475,2012-01-31,0.81363
1476,2012-02-01,0.81359
1477,2012-02-02,0.81339
1478,2012-02-03,0.81363
1479,2012-02-06,0.81376
1480,2012-02-07,0.81397
1481,2012-02-08,0.81283
1482,2012-02-09,0.81257
1483,2012-02-10,0.8115
1484,2012-02-13,0.81154
1485,2012-02-14,0.81174
1486,2012-02-15,0.81197
1487,2012-02-16,0.81237
1488,2012-02-17,0.81184
1489,2012-02-20,0.81172
1490,2012-02-21,0.81194
1491,2012-02-22,0.81227
1492,2012-02-23,0.81278
1493,2012-02-24,0.81189
1494,2012-02-27,0.81223
1495,2012-02-28,0.81182
1496,2012-02-29,0.81132
1497,2012-03-01,0.81251
1498,2012-03-02,0.81207
1499,2012-03-05,0.81357
1500,2012-03-06,0.81331
1501,2012-03-07,0.81434
1502,2012-03-08,0.81452
1503,2012-03-09,0.81298
1504,2012-03-12,0.81569
1505,2012-03-13,0.81544
1506,2012-03-14,0.81601
1507,2012-03-15,0.81616
1508,2012-03-16,0.81425
1509,2012-03-19,0.8126
1510,2012-03-20,0.81193
1511,2012-03-21,0.81266
1512,2012-03-22,0.81151
1513,2012-03-23,0.80989
1514,2012-03-26,0.80925
1515,2012-03-27,0.80893
1516,2012-03-28,0.81019
1517,2012-03-29,0.81059
1518,2012-03-30,0.81063
1519,2012-04-05,0.81173
1520,2012-04-06,0.81232
1521,2012-04-09,0.81148
1522,2012-04-10,0.8119
1523,2012-04-11,0.81155
1524,2012-04-12,0.81117
1525,2012-04-13,0.80999
1526,2012-04-16,0.81146
1527,2012-04-17,0.81072
1528,2012-04-18,0.8112
1529,2012-04-19,0.81174
1530,2012-04-20,0.81216
1531,2012-04-23,0.81134
1532,2012-04-24,0.81181
1533,2012-04-25,0.81089
1534,2012-04-26,0.80966
1535,2012-04-27,0.80922
1536,2012-05-02,0.80784
1537,2012-05-03,0.80811
1538,2012-05-04,0.80831
1539,2012-05-07,0.80978
1540,2012-05-08,0.80905
1541,2012-05-09,0.80991
1542,2012-05-10,0.81075
1543,2012-05-11,0.81093
1544,2012-05-14,0.81182
1545,2012-05-15,0.81266
1546,2012-05-16,0.81367
1547,2012-05-17,0.81401
1548,2012-05-18,0.81343
1549,2012-05-21,0.81269
1550,2012-05-22,0.81242
1551,2012-05-23,0.81393
1552,2012-05-24,0.81453
1553,2012-05-25,0.81484
1554,2012-05-28,0.81468
1555,2012-05-29,0.81487
1556,2012-05-30,0.81526
1557,2012-05-31,0.81583
1558,2012-06-01,0.81549
1559,2012-06-04,0.8152
1560,2012-06-05,0.81487
1561,2012-06-06,0.81535
1562,2012-06-07,0.81419
1563,2012-06-08,0.81446
1564,2012-06-11,0.81426
1565,2012-06-12,0.81574
1566,2012-06-13,0.81556
1567,2012-06-14,0.81446
1568,2012-06-15,0.81312
1569,2012-06-18,0.812
1570,2012-06-19,0.81217
1571,2012-06-20,0.81199
1572,2012-06-21,0.81245
1573,2012-06-25,0.81475
1574,2012-06-26,0.81462
1575,2012-06-27,0.81421
1576,2012-06-28,0.81445
1577,2012-06-29,0.81522
1578,2012-07-02,0.81401
1579,2012-07-03,0.81447
1580,2012-07-04,0.81401
1581,2012-07-05,0.81493
1582,2012-07-06,0.81564
1583,2012-07-09,0.81624
1584,2012-07-10,0.81493
1585,2012-07-11,0.81512
1586,2012-07-12,0.8152
1587,2012-07-13,0.81537
1588,2012-07-16,0.81489
1589,2012-07-17,0.81437
1590,2012-07-18,0.81406
1591,2012-07-19,0.81386
1592,2012-07-20,0.81374
1593,2012-07-23,0.81569
1594,2012-07-24,0.81652
1595,2012-07-25,0.81759
1596,2012-07-26,0.81697
1597,2012-07-27,0.81624
1598,2012-07-30,0.8161
1599,2012-07-31,0.81649
1600,2012-08-01,0.81641
1601,2012-08-02,0.81744
1602,2012-08-03,0.81786
1603,2012-08-06,0.817
1604,2012-08-07,0.81663
1605,2012-08-08,0.81727
1606,2012-08-09,0.8173
1607,2012-08-10,0.81805
1608,2012-08-13,0.8181
1609,2012-08-14,0.8179
1610,2012-08-15,0.81842
1611,2012-08-16,0.81854
1612,2012-08-17,0.81797
1613,2012-08-20,0.81838
1614,2012-08-21,0.81758
1615,2012-08-22,0.8167
1616,2012-08-23,0.81632
1617,2012-08-24,0.81615
1618,2012-08-27,0.81729
1619,2012-08-28,0.81756
1620,2012-08-29,0.81733
1621,2012-08-30,0.81786
1622,2012-08-31,0.81803
1623,2012-09-03,0.81758
1624,2012-09-04,0.8174
1625,2012-09-05,0.81816
1626,2012-09-06,0.81786
1627,2012-09-07,0.81755
1628,2012-09-10,0.81711
1629,2012-09-11,0.81739
1630,2012-09-12,0.81703
1631,2012-09-13,0.81675
1632,2012-09-14,0.81654
1633,2012-09-17,0.81651
1634,2012-09-18,0.81721
1635,2012-09-19,0.81769
1636,2012-09-20,0.8175
1637,2012-09-21,0.81805
1638,2012-09-24,0.81786
1639,2012-09-25,0.81815
1640,2012-09-26,0.81824
1641,2012-09-27,0.81841
1642,2012-09-28,0.81782
1643,2012-10-08,0.81808
1644,2012-10-09,0.81833
1645,2012-10-10,0.81843
1646,2012-10-11,0.81766
1647,2012-10-12,0.81606
1648,2012-10-15,0.81415
1649,2012-10-16,0.81414
1650,2012-10-17,0.81315
1651,2012-10-18,0.813
1652,2012-10-19,0.81352
1653,2012-10-22,0.81378
1654,2012-10-23,0.81386
1655,2012-10-24,0.81393
1656,2012-10-25,0.81347
1657,2012-10-26,0.81301
1658,2012-10-29,0.81275
1659,2012-10-30,0.81323
1660,2012-10-31,0.81291
1661,2012-11-01,0.81311
1662,2012-11-02,0.81347
1663,2012-11-05,0.81395
1664,2012-11-06,0.81389
1665,2012-11-07,0.81372
1666,2012-11-08,0.81364
1667,2012-11-09,0.81294
1668,2012-11-12,0.81177
1669,2012-11-13,0.81143
1670,2012-11-14,0.81133
1671,2012-11-15,0.8116
1672,2012-11-16,0.81201
1673,2012-11-19,0.81241
1674,2012-11-20,0.81174
1675,2012-11-21,0.81167
1676,2012-11-22,0.81176
1677,2012-11-23,0.81161
1678,2012-11-26,0.81137
1679,2012-11-27,0.81098
1680,2012-11-28,0.81162
1681,2012-11-29,0.81173
1682,2012-11-30,0.8115
1683,2012-12-03,0.81171
1684,2012-12-04,0.80258
1685,2012-12-05,0.81123
1686,2012-12-06,0.81175
1687,2012-12-07,0.81199
1688,2012-12-10,0.81189
1689,2012-12-11,0.81169
1690,2012-12-12,0.81139
1691,2012-12-13,0.81144
1692,2012-12-14,0.8119
1693,2012-12-17,0.8115
1694,2012-12-18,0.81135
1695,2012-12-19,0.81116
1696,2012-12-20,0.81131
1697,2012-12-21,0.81136
1698,2012-12-24,0.81178
1699,2012-12-25,0.81197
1700,2012-12-26,0.81212
1701,2012-12-27,0.81217
1702,2012-12-28,0.81137
1703,2012-12-31,0.81085
1704,2013-01-04,0.81145
1705,2013-01-07,0.81114
1706,2013-01-08,0.81025
1707,2013-01-09,0.81036
1708,2013-01-10,0.81004
1709,2013-01-11,0.80904
1710,2013-01-14,0.80871
1711,2013-01-15,0.80864
1712,2013-01-16,0.80934
1713,2013-01-17,0.80964
1714,2013-01-18,0.80944
1715,2013-01-21,0.80991
1716,2013-01-22,0.80991
1717,2013-01-23,0.80948
1718,2013-01-24,0.80978
1719,2013-01-25,0.81005
1720,2013-01-28,0.81007
1721,2013-01-29,0.8102
1722,2013-01-30,0.80952
1723,2013-01-31,0.80941
1724,2013-02-01,0.81011
1725,2013-02-04,0.81043
1726,2013-02-05,0.81048
1727,2013-02-06,0.81094
1728,2013-02-07,0.8112
1729,2013-02-08,0.80962
1730,2013-02-18,0.81005
1731,2013-02-19,0.81011
1732,2013-02-20,0.80991
1733,2013-02-21,0.81041
1734,2013-02-22,0.81065
1735,2013-02-25,0.8108
1736,2013-02-26,0.81036
1737,2013-02-27,0.80996
1738,2013-02-28,0.80934
1739,2013-03-01,0.80972
1740,2013-03-04,0.81009
1741,2013-03-05,0.80968
1742,2013-03-06,0.809
1743,2013-03-07,0.80948
1744,2013-03-08,0.80857
1745,2013-03-11,0.80923
1746,2013-03-12,0.8089
1747,2013-03-13,0.80863
1748,2013-03-14,0.80884
1749,2013-03-15,0.80852
1750,2013-03-18,0.80845
1751,2013-03-19,0.80859
1752,2013-03-20,0.80805
1753,2013-03-21,0.80815
1754,2013-03-22,0.80783
1755,2013-03-25,0.8076
1756,2013-03-26,0.80799
1757,2013-03-27,0.80841
1758,2013-03-28,0.80824
1759,2013-03-29,0.80757
1760,2013-04-01,0.80734
1761,2013-04-02,0.80622
1762,2013-04-03,0.80659
1763,2013-04-08,0.80688
1764,2013-04-09,0.80683
1765,2013-04-10,0.80574
1766,2013-04-11,0.80621
1767,2013-04-12,0.80533
1768,2013-04-15,0.80462
1769,2013-04-16,0.80399
1770,2013-04-17,0.80316
1771,2013-04-18,0.80402
1772,2013-04-19,0.80367
1773,2013-04-22,0.8039
1774,2013-04-23,0.8032
1775,2013-04-24,0.80347
1776,2013-04-25,0.8024
1777,2013-04-26,0.80119
1778,2013-05-02,0.80005
1779,2013-05-03,0.80095
1780,2013-05-06,0.80055
1781,2013-05-07,0.80005
1782,2013-05-08,0.79859
1783,2013-05-09,0.79806
1784,2013-05-10,0.79918
1785,2013-05-13,0.79982
1786,2013-05-14,0.7993
1787,2013-05-15,0.7997
1788,2013-05-16,0.80002
1789,2013-05-17,0.79855
1790,2013-05-20,0.79861
1791,2013-05-21,0.79754
1792,2013-05-22,0.79763
1793,2013-05-23,0.79811
1794,2013-05-24,0.79694
1795,2013-05-27,0.79619
1796,2013-05-28,0.79627
1797,2013-05-29,0.79667
1798,2013-05-30,0.79626
1799,2013-05-31,0.79599
1800,2013-06-03,0.79614
1801,2013-06-04,0.79529
1802,2013-06-05,0.79572
1803,2013-06-06,0.79555
1804,2013-06-07,0.79381
1805,2013-06-13,0.79347
1806,2013-06-14,0.79345
1807,2013-06-17,0.79371
1808,2013-06-18,0.79454
1809,2013-06-19,0.79493
1810,2013-06-20,0.7953
1811,2013-06-21,0.79645
1812,2013-06-24,0.79671
1813,2013-06-25,0.79614
1814,2013-06-26,0.79639
1815,2013-06-27,0.79652
1816,2013-06-28,0.79655
1817,2013-07-01,0.79676
1818,2013-07-02,0.79645
1819,2013-07-03,0.79704
1820,2013-07-04,0.79644
1821,2013-07-05,0.79689
1822,2013-07-08,0.79705
1823,2013-07-09,0.79595
1824,2013-07-10,0.79484
1825,2013-07-11,0.79416
1826,2013-07-12,0.79458
1827,2013-07-15,0.79484
1828,2013-07-16,0.79518
1829,2013-07-17,0.7947
1830,2013-07-18,0.79562
1831,2013-07-19,0.79598
1832,2013-07-22,0.79562
1833,2013-07-23,0.7953
1834,2013-07-24,0.79529
1835,2013-07-25,0.79611
1836,2013-07-26,0.79562
1837,2013-07-29,0.7955
1838,2013-07-30,0.79632
1839,2013-07-31,0.79672
1840,2013-08-01,0.79659
1841,2013-08-02,0.79701
1842,2013-08-05,0.79637
1843,2013-08-06,0.7961
1844,2013-08-07,0.7958
1845,2013-08-08,0.79547
1846,2013-08-09,0.79509
1847,2013-08-12,0.79512
1848,2013-08-13,0.79562
1849,2013-08-14,0.79579
1850,2013-08-15,0.79549
1851,2013-08-16,0.79526
1852,2013-08-19,0.79565
1853,2013-08-20,0.7956
1854,2013-08-21,0.79532
1855,2013-08-22,0.79558
1856,2013-08-23,0.79569
1857,2013-08-26,0.79534
1858,2013-08-27,0.7954
1859,2013-08-28,0.79504
1860,2013-08-29,0.79545
1861,2013-08-30,0.79569
1862,2013-09-02,0.79568
1863,2013-09-03,0.79592
1864,2013-09-04,0.79593
1865,2013-09-05,0.79553
1866,2013-09-06,0.79588
1867,2013-09-09,0.79479
1868,2013-09-10,0.79455
1869,2013-09-11,0.79437
1870,2013-09-12,0.79408
1871,2013-09-13,0.79413
1872,2013-09-16,0.79381
1873,2013-09-17,0.79402
1874,2013-09-18,0.79384
1875,2013-09-23,0.79285
1876,2013-09-24,0.79303
1877,2013-09-25,0.79317
1878,2013-09-26,0.79286
1879,2013-09-27,0.79305
1880,2013-09-30,0.79287
1881,2013-10-08,0.79202
1882,2013-10-09,0.79224
1883,2013-10-10,0.79248
1884,2013-10-11,0.79254
1885,2013-10-14,0.79191
1886,2013-10-15,0.79194
1887,2013-10-16,0.7919
1888,2013-10-17,0.7922
1889,2013-10-18,0.79149
1890,2013-10-21,0.79128
1891,2013-10-22,0.7919
1892,2013-10-23,0.7911
1893,2013-10-24,0.79111
1894,2013-10-25,0.79099
1895,2013-10-28,0.79108
1896,2013-10-29,0.79155
1897,2013-10-30,0.79208
1898,2013-10-31,0.79226
1899,2013-11-01,0.79263
1900,2013-11-04,0.79307
1901,2013-11-05,0.79271
1902,2013-11-06,0.79307
1903,2013-11-07,0.79273
1904,2013-11-08,0.79151
1905,2013-11-11,0.79196
1906,2013-11-12,0.79147
1907,2013-11-13,0.7912
1908,2013-11-14,0.79082
1909,2013-11-15,0.79126
1910,2013-11-18,0.791
1911,2013-11-19,0.79093
1912,2013-11-20,0.79086
1913,2013-11-21,0.79164
1914,2013-11-22,0.79177
1915,2013-11-25,0.79123
1916,2013-11-26,0.79142
1917,2013-11-27,0.79113
1918,2013-11-28,0.79125
1919,2013-11-29,0.79103
1920,2013-12-02,0.79106
1921,2013-12-03,0.7914
1922,2013-12-04,0.79069
1923,2013-12-05,0.79077
1924,2013-12-06,0.78969
1925,2013-12-09,0.78834
1926,2013-12-10,0.78823
1927,2013-12-11,0.78805
1928,2013-12-12,0.78816
1929,2013-12-13,0.78863
1930,2013-12-16,0.78836
1931,2013-12-17,0.78813
1932,2013-12-18,0.78823
1933,2013-12-19,0.78918
1934,2013-12-20,0.78923
1935,2013-12-23,0.78872
1936,2013-12-24,0.78858
1937,2013-12-25,0.78867
1938,2013-12-26,0.78862
1939,2013-12-27,0.78721
1940,2013-12-30,0.78693
1941,2013-12-31,0.78623
1942,2014-01-02,0.78658
1943,2014-01-03,0.7872
1944,2014-01-06,0.78742
1945,2014-01-07,0.78717
1946,2014-01-08,0.78769
1947,2014-01-09,0.78806
1948,2014-01-10,0.78676
1949,2014-01-13,0.78601
1950,2014-01-14,0.78575
1951,2014-01-15,0.78673
1952,2014-01-16,0.78749
1953,2014-01-17,0.78716
1954,2014-01-20,0.78757
1955,2014-01-21,0.78729
1956,2014-01-22,0.78752
1957,2014-01-23,0.78768
1958,2014-01-24,0.78661
1959,2014-01-27,0.78594
1960,2014-01-28,0.7862
1961,2014-01-29,0.7867
1962,2014-01-30,0.78625
1963,2014-02-07,0.78733
1964,2014-02-10,0.78733
1965,2014-02-11,0.78725
1966,2014-02-12,0.78747
1967,2014-02-13,0.78775
1968,2014-02-14,0.78738
1969,2014-02-17,0.78722
1970,2014-02-18,0.78755
1971,2014-02-19,0.78794
1972,2014-02-20,0.7884
1973,2014-02-21,0.78879
1974,2014-02-24,0.78893
1975,2014-02-25,0.78862
1976,2014-02-26,0.78848
1977,2014-02-27,0.78887
1978,2014-02-28,0.78878
1979,2014-03-03,0.78836
1980,2014-03-04,0.78907
1981,2014-03-05,0.78929
1982,2014-03-06,0.78924
1983,2014-03-07,0.78858
1984,2014-03-10,0.79004
1985,2014-03-11,0.79021
1986,2014-03-12,0.79033
1987,2014-03-13,0.78984
1988,2014-03-14,0.79
1989,2014-03-17,0.78954
1990,2014-03-18,0.78989
1991,2014-03-19,0.79003
1992,2014-03-20,0.79144
1993,2014-03-21,0.79176
1994,2014-03-24,0.79207
1995,2014-03-25,0.7918
1996,2014-03-26,0.79211
1997,2014-03-27,0.79218
1998,2014-03-28,0.79257
1999,2014-03-31,0.79305
2000,2014-04-01,0.79285
2001,2014-04-02,0.79272
2002,2014-04-03,0.79311
2003,2014-04-04,0.79352
2004,2014-04-08,0.79334
2005,2014-04-09,0.79302
2006,2014-04-10,0.79333
2007,2014-04-11,0.79311
2008,2014-04-14,0.79358
2009,2014-04-15,0.79408
2010,2014-04-16,0.79426
2011,2014-04-17,0.79409
2012,2014-04-18,0.79421
2013,2014-04-21,0.79429
2014,2014-04-22,0.79456
2015,2014-04-23,0.79457
2016,2014-04-24,0.79438
2017,2014-04-25,0.79419
2018,2014-04-28,0.79404
2019,2014-04-29,0.79396
2020,2014-04-30,0.79425
2021,2014-05-05,0.79404
2022,2014-05-06,0.79415
2023,2014-05-07,0.79389
2024,2014-05-08,0.79403
2025,2014-05-09,0.79442
2026,2014-05-12,0.79499
2027,2014-05-13,0.79513
2028,2014-05-14,0.79535
2029,2014-05-15,0.79519
2030,2014-05-16,0.79501
2031,2014-05-19,0.79509
2032,2014-05-20,0.79495
2033,2014-05-21,0.79516
2034,2014-05-22,0.79528
2035,2014-05-23,0.79549
2036,2014-05-26,0.79575
2037,2014-05-27,0.7956
2038,2014-05-28,0.79576
2039,2014-05-29,0.79587
2040,2014-05-30,0.79578
2041,2014-06-03,0.79588
2042,2014-06-04,0.79575
2043,2014-06-05,0.79593
2044,2014-06-06,0.79486
2045,2014-06-09,0.7931
2046,2014-06-10,0.79274
2047,2014-06-11,0.79346
2048,2014-06-12,0.79358
2049,2014-06-13,0.79342
2050,2014-06-16,0.79386
2051,2014-06-17,0.79379
2052,2014-06-18,0.79415
2053,2014-06-19,0.79384
2054,2014-06-20,0.7938
2055,2014-06-23,0.79415
2056,2014-06-24,0.79401
2057,2014-06-25,0.79409
2058,2014-06-26,0.79389
2059,2014-06-27,0.79393
2060,2014-06-30,0.79375
2061,2014-07-01,0.79381
2062,2014-07-02,0.7941
2063,2014-07-03,0.79457
2064,2014-07-04,0.79532
2065,2014-07-07,0.79555
2066,2014-07-08,0.79514
2067,2014-07-09,0.79438
2068,2014-07-10,0.79281
2069,2014-07-11,0.79315
2070,2014-07-14,0.79335
2071,2014-07-15,0.79342
2072,2014-07-16,0.79399
2073,2014-07-17,0.7943
2074,2014-07-18,0.79434
2075,2014-07-21,0.79404
2076,2014-07-22,0.79395
2077,2014-07-23,0.79432
2078,2014-07-24,0.79449
2079,2014-07-25,0.79476
2080,2014-07-28,0.79512
2081,2014-07-29,0.79502
2082,2014-07-30,0.79542
2083,2014-07-31,0.79581
2084,2014-08-01,0.79588
2085,2014-08-04,0.79562
2086,2014-08-05,0.79555
2087,2014-08-06,0.79586
2088,2014-08-07,0.7957
2089,2014-08-08,0.79424
2090,2014-08-11,0.7937
2091,2014-08-12,0.79366
2092,2014-08-13,0.79385
2093,2014-08-14,0.79403
2094,2014-08-15,0.79394
2095,2014-08-18,0.79386
2096,2014-08-19,0.79412
2097,2014-08-20,0.79452
2098,2014-08-21,0.79518
2099,2014-08-22,0.79505
2100,2014-08-25,0.79549
2101,2014-08-26,0.79563
2102,2014-08-27,0.79554
2103,2014-08-28,0.79533
2104,2014-08-29,0.79543
2105,2014-09-01,0.79584
2106,2014-09-02,0.79591
2107,2014-09-03,0.79606
2108,2014-09-04,0.79566
2109,2014-09-05,0.79619
2110,2014-09-09,0.79379
2111,2014-09-10,0.79255
2112,2014-09-11,0.79291
2113,2014-09-12,0.7931
2114,2014-09-15,0.79286
2115,2014-09-16,0.79296
2116,2014-09-17,0.7928
2117,2014-09-18,0.79331
2118,2014-09-19,0.79286
2119,2014-09-22,0.79323
2120,2014-09-23,0.79303
2121,2014-09-24,0.79288
2122,2014-09-25,0.79332
2123,2014-09-26,0.79323
2124,2014-09-29,0.79286
2125,2014-09-30,0.79246
2126,2014-10-08,0.79297
2127,2014-10-09,0.79242
2128,2014-10-10,0.79249
2129,2014-10-13,0.79209
2130,2014-10-14,0.79155
2131,2014-10-15,0.79224
2132,2014-10-16,0.7915
2133,2014-10-17,0.79159
2134,2014-10-20,0.79192
2135,2014-10-21,0.79155
2136,2014-10-22,0.79211
2137,2014-10-23,0.79235
2138,2014-10-24,0.79241
2139,2014-10-27,0.79211
2140,2014-10-28,0.79178
2141,2014-10-29,0.79158
2142,2014-10-30,0.79252
2143,2014-10-31,0.79252
2144,2014-11-03,0.79331
2145,2014-11-04,0.79376
2146,2014-11-05,0.79339
2147,2014-11-06,0.79417
2148,2014-11-07,0.79454
2149,2014-11-10,0.7917
2150,2014-11-11,0.792
2151,2014-11-12,0.79221
2152,2014-11-13,0.79207
2153,2014-11-14,0.79173
2154,2014-11-17,0.79191
2155,2014-11-18,0.79214
2156,2014-11-19,0.7917
2157,2014-11-20,0.79193
2158,2014-11-21,0.79148
2159,2014-11-24,0.79177
2160,2014-11-25,0.7915
2161,2014-11-26,0.79114
2162,2014-11-27,0.7908
2163,2014-11-28,0.79126
2164,2014-12-01,0.79139
2165,2014-12-02,0.79077
2166,2014-12-03,0.79145
2167,2014-12-04,0.79206
2168,2014-12-05,0.79175
2169,2014-12-08,0.79061
2170,2014-12-09,0.78996
2171,2014-12-10,0.78932
2172,2014-12-11,0.7889
2173,2014-12-12,0.7893
2174,2014-12-15,0.78884
2175,2014-12-16,0.78914
2176,2014-12-17,0.78844
2177,2014-12-18,0.7891
2178,2014-12-19,0.78921
2179,2014-12-22,0.78951
2180,2014-12-23,0.7894
2181,2014-12-24,0.78949
2182,2014-12-25,0.78869
2183,2014-12-26,0.78848
2184,2014-12-29,0.78861
2185,2014-12-30,0.78917
2186,2014-12-31,0.78887
2187,2015-01-05,0.78965
2188,2015-01-06,0.78985
2189,2015-01-07,0.79012
2190,2015-01-08,0.79053
2191,2015-01-09,0.79044
2192,2015-01-12,0.78978
2193,2015-01-13,0.7893
2194,2015-01-14,0.7894
2195,2015-01-15,0.78918
2196,2015-01-16,0.78934
2197,2015-01-19,0.78997
2198,2015-01-20,0.78975
2199,2015-01-21,0.79031
2200,2015-01-22,0.79011
2201,2015-01-23,0.79122
2202,2015-01-26,0.79181
2203,2015-01-27,0.79153
2204,2015-01-28,0.79051
2205,2015-01-29,0.79118
2206,2015-01-30,0.79165
2207,2015-02-02,0.7918
2208,2015-02-03,0.79149
2209,2015-02-04,0.79081
2210,2015-02-05,0.79155
2211,2015-02-06,0.79021
2212,2015-02-09,0.79085
2213,2015-02-10,0.79056
2214,2015-02-11,0.79078
2215,2015-02-12,0.79094
2216,2015-02-13,0.79037
2217,2015-02-16,0.79006
2218,2015-02-17,0.79044
2219,2015-02-25,0.79144
2220,2015-02-26,0.79136
2221,2015-02-27,0.79265
2222,2015-03-02,0.79326
2223,2015-03-03,0.79358
2224,2015-03-04,0.79333
2225,2015-03-05,0.79338
2226,2015-03-06,0.79338
2227,2015-03-09,0.79358
2228,2015-03-10,0.79347
2229,2015-03-11,0.79377
2230,2015-03-12,0.7934
2231,2015-03-13,0.79312
2232,2015-03-16,0.79346
2233,2015-03-17,0.79315
2234,2015-03-18,0.79298
2235,2015-03-19,0.79231
2236,2015-03-20,0.7926
2237,2015-03-23,0.79221
2238,2015-03-24,0.79158
2239,2015-03-25,0.79183
2240,2015-03-26,0.79144
2241,2015-03-27,0.79178
2242,2015-03-30,0.79186
2243,2015-03-31,0.79209
2244,2015-04-01,0.79226
2245,2015-04-02,0.79191
2246,2015-04-03,0.79131
2247,2015-04-07,0.7908
2248,2015-04-08,0.79127
2249,2015-04-09,0.79143
2250,2015-04-10,0.79187
2251,2015-04-13,0.79219
2252,2015-04-14,0.79233
2253,2015-04-15,0.79137
2254,2015-04-16,0.79093
2255,2015-04-17,0.79041
2256,2015-04-20,0.79031
2257,2015-04-21,0.7907
2258,2015-04-22,0.79083
2259,2015-04-23,0.79071
2260,2015-04-24,0.79021
2261,2015-04-27,0.78994
2262,2015-04-28,0.78975
2263,2015-04-29,0.78924
2264,2015-04-30,0.78881
2265,2015-05-04,0.7891
2266,2015-05-05,0.78912
2267,2015-05-06,0.78897
2268,2015-05-07,0.78836
2269,2015-05-08,0.78863
2270,2015-05-11,0.78841
2271,2015-05-12,0.78885
2272,2015-05-13,0.78849
2273,2015-05-14,0.78812
2274,2015-05-15,0.78811
2275,2015-05-18,0.78802
2276,2015-05-19,0.78824
2277,2015-05-20,0.78847
2278,2015-05-21,0.78863
2279,2015-05-22,0.78846
2280,2015-05-25,0.78896
2281,2015-05-26,0.78909
2282,2015-05-27,0.78941
2283,2015-05-28,0.78912
2284,2015-05-29,0.78927
2285,2015-06-01,0.78947
2286,2015-06-02,0.78953
2287,2015-06-03,0.78881
2288,2015-06-04,0.78888
2289,2015-06-05,0.78924
2290,2015-06-08,0.78947
2291,2015-06-09,0.78918
2292,2015-06-10,0.78901
2293,2015-06-11,0.78876
2294,2015-06-12,0.78899
2295,2015-06-15,0.78895
2296,2015-06-16,0.78884
2297,2015-06-17,0.7889
2298,2015-06-18,0.78849
2299,2015-06-19,0.78817
2300,2015-06-23,0.78851
2301,2015-06-24,0.78862
2302,2015-06-25,0.78875
2303,2015-06-26,0.78871
2304,2015-06-29,0.789
2305,2015-06-30,0.78861
2306,2015-07-01,0.78882
2307,2015-07-02,0.78906
2308,2015-07-03,0.78896
2309,2015-07-06,0.78906
2310,2015-07-07,0.78895
2311,2015-07-08,0.78884
2312,2015-07-09,0.78877
2313,2015-07-10,0.78888
2314,2015-07-13,0.78868
2315,2015-07-14,0.78905
2316,2015-07-15,0.78891
2317,2015-07-16,0.78924
2318,2015-07-17,0.78948
2319,2015-07-20,0.7896
2320,2015-07-21,0.78956
2321,2015-07-22,0.78919
2322,2015-07-23,0.78927
2323,2015-07-24,0.78917
2324,2015-07-27,0.78926
2325,2015-07-28,0.78901
2326,2015-07-29,0.78893
2327,2015-07-30,0.78913
2328,2015-07-31,0.78908
2329,2015-08-03,0.78902
2330,2015-08-04,0.7891
2331,2015-08-05,0.7891
2332,2015-08-06,0.78923
2333,2015-08-07,0.7892
2334,2015-08-10,0.78894
2335,2015-08-11,0.8036
2336,2015-08-12,0.81583
2337,2015-08-13,0.82553
2338,2015-08-14,0.82521
2339,2015-08-17,0.82481
2340,2015-08-18,0.82491
2341,2015-08-19,0.82484
2342,2015-08-20,0.82443
2343,2015-08-21,0.82387
2344,2015-08-24,0.82374
2345,2015-08-25,0.82542
2346,2015-08-26,0.82624
2347,2015-08-27,0.82679
2348,2015-08-28,0.82562
2349,2015-08-31,0.82442
2350,2015-09-01,0.82259
2351,2015-09-02,0.82089
2352,2015-09-07,0.82041
2353,2015-09-08,0.82114
2354,2015-09-09,0.82097
2355,2015-09-10,0.82272
2356,2015-09-11,0.82218
2357,2015-09-14,0.82204
2358,2015-09-15,0.82148
2359,2015-09-16,0.82208
2360,2015-09-17,0.8215
2361,2015-09-18,0.82072
2362,2015-09-21,0.82163
2363,2015-09-22,0.82221
2364,2015-09-23,0.82288
2365,2015-09-24,0.8231
2366,2015-09-25,0.82299
2367,2015-09-28,0.82227
2368,2015-09-29,0.8214
2369,2015-09-30,0.82081
2370,2015-10-08,0.81942
2371,2015-10-09,0.81926
2372,2015-10-12,0.81813
2373,2015-10-13,0.81587
2374,2015-10-14,0.81817
2375,2015-10-15,0.81809
2376,2015-10-16,0.81852
2377,2015-10-19,0.8197
2378,2015-10-20,0.82082
2379,2015-10-21,0.819
2380,2015-10-22,0.8193
2381,2015-10-23,0.82058
2382,2015-10-26,0.81998
2383,2015-10-27,0.81927
2384,2015-10-28,0.81981
2385,2015-10-29,0.82059
2386,2015-10-30,0.81929
2387,2015-11-02,0.81489
2388,2015-11-03,0.81689
2389,2015-11-04,0.81728
2390,2015-11-05,0.81777
2391,2015-11-06,0.81875
2392,2015-11-09,0.82023
2393,2015-11-10,0.82048
2394,2015-11-11,0.82064
2395,2015-11-12,0.82095
2396,2015-11-13,0.82134
2397,2015-11-16,0.82251
2398,2015-11-17,0.82238
2399,2015-11-18,0.82309
2400,2015-11-19,0.82307
2401,2015-11-20,0.82296
2402,2015-11-23,0.82406
2403,2015-11-24,0.82435
2404,2015-11-25,0.82421
2405,2015-11-26,0.82444
2406,2015-11-27,0.82467
2407,2015-11-30,0.82528
2408,2015-12-01,0.82534
2409,2015-12-02,0.82508
2410,2015-12-03,0.82553
2411,2015-12-04,0.82386
2412,2015-12-07,0.82561
2413,2015-12-08,0.82675
2414,2015-12-09,0.82758
2415,2015-12-10,0.82882
2416,2015-12-11,0.8304
2417,2015-12-14,0.83207
2418,2015-12-15,0.833
2419,2015-12-16,0.83385
2420,2015-12-17,0.83553
2421,2015-12-18,0.83605
2422,2015-12-21,0.83529
2423,2015-12-22,0.83519
2424,2015-12-23,0.83497
2425,2015-12-24,0.83548
2426,2015-12-25,0.83486
2427,2015-12-28,0.83538
2428,2015-12-29,0.83689
2429,2015-12-30,0.83733
2430,2015-12-31,0.83778
2431,2016-01-04,0.83906
2432,2016-01-05,0.8408
2433,2016-01-06,0.84263
2434,2016-01-07,0.8468
2435,2016-01-08,0.84641
2436,2016-01-11,0.8454
2437,2016-01-12,0.84568
2438,2016-01-13,0.84582
2439,2016-01-14,0.84545
2440,2016-01-15,0.84404
2441,2016-01-18,0.84103
2442,2016-01-19,0.84068
2443,2016-01-20,0.83865
2444,2016-01-21,0.83918
2445,2016-01-22,0.83964
2446,2016-01-25,0.84078
2447,2016-01-26,0.84076
2448,2016-01-27,0.84131
2449,2016-01-28,0.84107
2450,2016-01-29,0.84091
2451,2016-02-01,0.84206
2452,2016-02-02,0.84221
2453,2016-02-03,0.84007
2454,2016-02-04,0.83979
2455,2016-02-05,0.8389
2456,2016-02-15,0.83612
2457,2016-02-16,0.83675
2458,2016-02-17,0.83721
2459,2016-02-18,0.8368
2460,2016-02-19,0.83804
2461,2016-02-22,0.83862
2462,2016-02-23,0.84015
2463,2016-02-24,0.84057
2464,2016-02-25,0.84089
2465,2016-02-26,0.84102
2466,2016-02-29,0.84186
2467,2016-03-01,0.84114
2468,2016-03-02,0.84241
2469,2016-03-03,0.84156
2470,2016-03-04,0.84029
2471,2016-03-07,0.83858
2472,2016-03-08,0.83752
2473,2016-03-09,0.83827
2474,2016-03-10,0.83871
2475,2016-03-11,0.83602
2476,2016-03-14,0.83649
2477,2016-03-15,0.83872
2478,2016-03-16,0.83985
2479,2016-03-17,0.83736
2480,2016-03-18,0.8333
2481,2016-03-21,0.83594
2482,2016-03-22,0.83793
2483,2016-03-23,0.83748
2484,2016-03-24,0.83968
2485,2016-03-25,0.84051
2486,2016-03-28,0.84081
2487,2016-03-29,0.83865
2488,2016-03-30,0.83602
2489,2016-03-31,0.83325
2490,2016-04-01,0.8328
2491,2016-04-05,0.83386
2492,2016-04-06,0.83488
2493,2016-04-07,0.83436
2494,2016-04-08,0.83424
2495,2016-04-11,0.83332
2496,2016-04-12,0.8332
2497,2016-04-13,0.83291
2498,2016-04-14,0.83651
2499,2016-04-15,0.8368
2500,2016-04-18,0.83541
2501,2016-04-19,0.83428
2502,2016-04-20,0.83269
2503,2016-04-21,0.8355
2504,2016-04-22,0.83654
2505,2016-04-25,0.83953
2506,2016-04-26,0.83649
2507,2016-04-27,0.836
2508,2016-04-28,0.83739
2509,2016-04-29,0.83257
2510,2016-05-03,0.8321
2511,2016-05-04,0.83672
2512,2016-05-05,0.83905
2513,2016-05-06,0.84011
2514,2016-05-09,0.83899
2515,2016-05-10,0.84026
2516,2016-05-11,0.84021
2517,2016-05-12,0.83708
2518,2016-05-13,0.84072
2519,2016-05-16,0.84157
2520,2016-05-17,0.83991
2521,2016-05-18,0.84013
2522,2016-05-19,0.84372
2523,2016-05-20,0.84347
2524,2016-05-23,0.8427
2525,2016-05-24,0.84291
2526,2016-05-25,0.84577
2527,2016-05-26,0.84432
2528,2016-05-27,0.84331
2529,2016-05-30,0.847
2530,2016-05-31,0.84685
2531,2016-06-01,0.84789
2532,2016-06-02,0.84545
2533,2016-06-03,0.84678
2534,2016-06-06,0.84316
2535,2016-06-07,0.84476
2536,2016-06-08,0.84458
2537,2016-06-13,0.84767
2538,2016-06-14,0.84751
2539,2016-06-15,0.85036
2540,2016-06-16,0.84715
2541,2016-06-17,0.84799
2542,2016-06-20,0.84679
2543,2016-06-21,0.84606
2544,2016-06-22,0.84981
2545,2016-06-23,0.84636
2546,2016-06-24,0.84791
2547,2016-06-27,0.85522
2548,2016-06-28,0.85736
2549,2016-06-29,0.85482
2550,2016-06-30,0.85467
2551,2016-07-01,0.857
2552,2016-07-04,0.85682
2553,2016-07-05,0.85836
2554,2016-07-06,0.86169
2555,2016-07-07,0.86131
2556,2016-07-08,0.8617
2557,2016-07-11,0.86161
2558,2016-07-12,0.86295
2559,2016-07-13,0.8622
2560,2016-07-14,0.86182
2561,2016-07-15,0.86156
2562,2016-07-18,0.86353
2563,2016-07-19,0.8636
2564,2016-07-20,0.86319
2565,2016-07-21,0.86222
2566,2016-07-22,0.85959
2567,2016-07-25,0.86193
2568,2016-07-26,0.86088
2569,2016-07-27,0.85952
2570,2016-07-28,0.8586
2571,2016-07-29,0.85751
2572,2016-08-01,0.85432
2573,2016-08-02,0.85629
2574,2016-08-03,0.853
2575,2016-08-04,0.85635
2576,2016-08-05,0.85618
2577,2016-08-08,0.85897
2578,2016-08-09,0.85852
2579,2016-08-10,0.8577
2580,2016-08-11,0.85418
2581,2016-08-12,0.85793
2582,2016-08-15,0.85653
2583,2016-08-16,0.85485
2584,2016-08-17,0.85185
2585,2016-08-18,0.85465
2586,2016-08-19,0.85398
2587,2016-08-22,0.85962
2588,2016-08-23,0.85878
2589,2016-08-24,0.85666
2590,2016-08-25,0.85895
2591,2016-08-26,0.85736
2592,2016-08-29,0.86191
2593,2016-08-30,0.86146
2594,2016-08-31,0.8625
2595,2016-09-01,0.86097
2596,2016-09-02,0.86019
2597,2016-09-05,0.86225
2598,2016-09-06,0.8598
2599,2016-09-07,0.85823
2600,2016-09-08,0.85899
2601,2016-09-09,0.85963
2602,2016-09-12,0.86256
2603,2016-09-13,0.8601
2604,2016-09-14,0.86223
2605,2016-09-19,0.86083
2606,2016-09-20,0.85844
2607,2016-09-21,0.86035
2608,2016-09-22,0.85766
2609,2016-09-23,0.85962
2610,2016-09-26,0.86053
2611,2016-09-27,0.85934
2612,2016-09-28,0.85987
2613,2016-09-29,0.86023
2614,2016-09-30,0.86097
2615,2016-10-10,0.86372
2616,2016-10-11,0.86483
2617,2016-10-12,0.86688
2618,2016-10-13,0.86747
2619,2016-10-14,0.86573
2620,2016-10-17,0.86847
2621,2016-10-18,0.86749
2622,2016-10-19,0.86771
2623,2016-10-20,0.86763
2624,2016-10-21,0.87077
2625,2016-10-24,0.87253
2626,2016-10-25,0.8733
2627,2016-10-26,0.87289
2628,2016-10-27,0.87326
2629,2016-10-28,0.87506
2630,2016-10-31,0.87225
2631,2016-11-01,0.87343
2632,2016-11-02,0.87113
2633,2016-11-03,0.87028
2634,2016-11-04,0.87056
2635,2016-11-07,0.87318
2636,2016-11-08,0.87443
2637,2016-11-09,0.8747
2638,2016-11-10,0.87535
2639,2016-11-11,0.87821
2640,2016-11-14,0.8802
2641,2016-11-15,0.88297
2642,2016-11-16,0.88426
2643,2016-11-17,0.8855
2644,2016-11-18,0.88688
2645,2016-11-21,0.88932
2646,2016-11-22,0.8868
2647,2016-11-23,0.88843
2648,2016-11-24,0.8907
2649,2016-11-25,0.89179
2650,2016-11-28,0.89015
2651,2016-11-29,0.88822
